isoform	alignment_column	observed_presence_fraction	ancestral_presence_consensus	presence_confidence_from_clade_fraction	ml_amino_acid_if_present	posterior_probability	second_amino_acid	second_posterior_probability	posterior_entropy_bits
IIIb	1	0.7142857142857143	present	0.7142857142857143	H	0.6747268332040397	A	0.0731873639928073	2.072542667673888
IIIc	1	0.7857142857142857	present	0.7857142857142857	A	0.8566891638518075	S	0.034368883397484104	1.1052399605839536
IIIb	2	1.0	present	1.0	S	0.9999151989517615	A	6.577498479616242e-05	0.0013606918466737327
IIIc	2	1.0	present	1.0	A	0.9999999600745643	S	3.57413545153214e-08	1.068515525258719e-06
IIIb	3	1.0	present	1.0	G	0.9999992201065374	A	4.305478356116853e-07	1.8294270909047567e-05
IIIc	3	1.0	present	1.0	G	0.9999999995992862	A	2.1871121011091466e-10	1.3790059759395387e-08
IIIb	4	1.0	present	1.0	I	0.9998298814443612	V	0.000163232148831574	0.0024235740462397732
IIIc	4	1.0	present	1.0	V	0.9999999175810272	I	8.076047040145878e-08	2.073425046218456e-06
IIIb	5	1.0	present	1.0	N	0.9999988043245646	D	5.850826365063783e-07	2.771682689585747e-05
IIIc	5	1.0	present	1.0	N	0.9999999993861666	D	2.9568431708581827e-10	2.0957093164412887e-08
IIIb	6	1.0	present	1.0	S	0.9998233309140308	T	0.0001440769472767187	0.002630990675158204
IIIc	6	1.0	present	1.0	T	0.9999999406625409	S	5.395247040276386e-08	1.5491295681293602e-06
IIIb	7	1.0	present	1.0	S	0.9999026462361806	T	8.540355285805123e-05	0.0015084564501039615
IIIc	7	1.0	present	1.0	T	0.9999999640042185	S	3.3888590783348624e-08	9.583760640627258e-07
IIIb	8	1.0	present	1.0	D	0.9999371506500054	N	3.2334936123879334e-05	0.0010396466841228614
IIIc	8	1.0	present	1.0	D	0.9999999805323738	E	1.307892876288098e-08	5.484126653298751e-07
IIIb	9	0.0	gap	1.0	K	0.43204111445713156	R	0.13210391802944582	3.0773039931120554
IIIc	9	1.0	present	1.0	K	0.9999998821366521	R	8.006471982447282e-08	3.0795068772819796e-06
IIIb	10	0.0	gap	1.0	E	0.6736342881168197	D	0.08083746284138192	2.0548800459443206
IIIc	10	1.0	present	1.0	E	0.9999999614896272	D	2.2061342164650775e-08	1.0710237558234976e-06
IIIb	11	1.0	present	1.0	V	0.9993155406253543	I	0.0006507966836019002	0.008442385039748314
IIIc	11	1.0	present	1.0	I	0.9999997524886092	V	2.2111782793377771e-07	5.935369930025882e-06
IIIb	12	1.0	present	1.0	E	0.9999947612251999	D	3.7254018765555587e-06	0.00010565177510289697
IIIc	12	1.0	present	1.0	E	0.9999999975900299	D	1.67911197537976e-09	7.545708130867393e-08
IIIb	13	1.0	present	1.0	V	0.9963867959147473	I	0.0035760008791266206	0.03489146286066494
IIIc	13	1.0	present	1.0	V	0.999999821986553	I	1.6388631674615643e-07	4.349417538416438e-06
IIIb	14	1.0	present	1.0	L	0.9999885125274666	M	5.199840420310849e-06	0.00022347697726339685
IIIc	14	1.0	present	1.0	L	0.9999999950746016	M	2.0936172565290863e-09	1.512054500143897e-07
IIIb	15	1.0	present	1.0	T	0.9979772151894606	M	0.001070117930780819	0.025177868026208628
IIIc	15	1.0	present	1.0	H	0.9999779905637443	Y	2.1279129074470212e-05	0.00037911724907920853
IIIb	16	1.0	present	1.0	L	0.9995648945865314	I	0.0002525713753778779	0.0061430666298195385
IIIc	16	1.0	present	1.0	I	0.9999996465538016	V	2.1658249085677717e-07	8.523308889538887e-06
IIIb	17	1.0	present	1.0	T	0.9993738160173394	S	0.0004528352301342622	0.008631932822018793
IIIc	17	1.0	present	1.0	Q	0.9999660760271932	R	2.944867610033244e-05	0.0005808652242072797
IIIb	18	1.0	present	1.0	N	0.9999988043245646	D	5.850826365063783e-07	2.771682689585747e-05
IIIc	18	1.0	present	1.0	N	0.9999999993861666	D	2.9568431708581827e-10	2.0957093164412887e-08
IIIb	19	1.0	present	1.0	V	0.9999861515794839	I	1.3231086737816173e-05	0.00024840588823031384
IIIc	19	1.0	present	1.0	V	0.9999999941118084	I	5.565530197913573e-09	1.719488942658586e-07
IIIb	20	1.0	present	1.0	T	0.9080484147849295	S	0.09158792252721033	0.447057282129844
IIIc	20	1.0	present	1.0	T	0.9999999789719936	S	1.7012498411839126e-08	5.920987015758298e-07
IIIb	21	1.0	present	1.0	E	0.9996613416238881	D	0.00014933804702792019	0.005095942236786354
IIIc	21	1.0	present	1.0	V	0.9999783773002757	F	1.3345596893586961e-05	0.00040661763690228245
IIIb	22	1.0	present	1.0	E	0.999732772555251	D	0.0001732549582592779	0.0039006032424005604
IIIc	22	1.0	present	1.0	E	0.9999998986623354	D	7.015286184847e-08	2.6327577285411524e-06
IIIb	23	1.0	present	1.0	D	0.9999962162859535	E	2.5373403233949152e-06	7.764219779417436e-05
IIIc	23	1.0	present	1.0	D	0.999999998190321	E	1.2067830309988726e-09	5.713634490410511e-08
IIIb	24	1.0	present	1.0	A	0.9999529156622485	S	2.9478975361924858e-05	0.0008349445749581553
IIIc	24	1.0	present	1.0	A	0.9999999787680128	S	1.2574775855899873e-08	6.152445526302728e-07
IIIb	25	1.0	present	1.0	G	0.9999992201065374	A	4.305478356116853e-07	1.8294270909047567e-05
IIIc	25	1.0	present	1.0	G	0.9999999995992862	A	2.1871121011091466e-10	1.3790059759395387e-08
IIIb	26	1.0	present	1.0	E	0.9999754950697228	D	1.747129529950766e-05	0.0004399787322100779
IIIc	26	1.0	present	1.0	E	0.999999989201991	D	7.5024902401386e-09	3.1505534866898226e-07
IIIb	27	1.0	present	1.0	Y	0.9998523032700262	F	0.00014058820409667994	0.0021475891616169872
IIIc	27	1.0	present	1.0	Y	0.9999999919138494	F	6.85898897416426e-09	2.3520118463107157e-07
IIIb	28	1.0	present	1.0	T	0.9987357787836483	I	0.0008262064544142026	0.015633222150625608
IIIc	28	1.0	present	1.0	T	0.999999986611657	S	1.026366831538634e-08	3.883769198328713e-07
IIIb	29	1.0	present	1.0	C	0.9999999529475208	A	1.7423050430358918e-08	1.3168519001144658e-06
IIIc	29	1.0	present	1.0	C	0.9999999999742202	A	9.538307070368725e-12	1.0012658069837899e-09
IIIb	30	1.0	present	1.0	K	0.999529294616865	R	0.00033040727744857763	0.00664082126998309
IIIc	30	1.0	present	1.0	L	0.9999997611314697	M	1.078748587974534e-07	6.093001316513313e-06
IIIb	31	1.0	present	1.0	V	0.9997568598770242	I	0.0001572426313869895	0.0035910698575796493
IIIc	31	1.0	present	1.0	A	0.9999999459088676	V	3.505870168070655e-08	1.475833543466401e-06
IIIb	32	1.0	present	1.0	S	0.9999136399478449	G	3.020207287836509e-05	0.0014700611804592371
IIIc	32	1.0	present	1.0	G	0.9999999868813573	S	8.206112028857207e-09	3.809526799514368e-07
IIIb	45	1.0	present	1.0	N	0.9999988043245646	D	5.850826365063783e-07	2.771682689585747e-05
IIIc	45	1.0	present	1.0	N	0.9999999993861666	D	2.9568431708581827e-10	2.0957093164412887e-08
IIIb	46	1.0	present	1.0	Y	0.9999518377622881	F	2.780832576602748e-05	0.0008392534575008713
IIIc	46	1.0	present	1.0	S	0.9999999407564473	T	2.1237541356885603e-08	1.660243850997576e-06
IIIb	47	1.0	present	1.0	I	0.9999877781204566	V	1.0713911224727442e-05	0.00022496109500742261
IIIc	47	1.0	present	1.0	I	0.9999999945831533	V	4.66381721689451e-09	1.6035908662265626e-07
IIIb	48	1.0	present	1.0	G	0.9999992201065374	A	4.305478356116853e-07	1.8294270909047567e-05
IIIc	48	1.0	present	1.0	G	0.9999999995992862	A	2.1871121011091466e-10	1.3790059759395387e-08
IIIb	49	1.0	present	1.0	E	0.9997670287199497	D	8.80838830723201e-05	0.0036522849183197536
IIIc	49	1.0	present	1.0	I	0.9999995402628526	V	3.706822991184697e-07	1.0797333988673511e-05
IIIb	50	1.0	present	1.0	A	0.999852248787981	S	0.00012314194153435803	0.002252072768966621
IIIc	50	1.0	present	1.0	S	0.9999999144887599	A	5.840449960141315e-08	2.250877118000127e-06
IIIb	51	1.0	present	1.0	H	0.6299618263078713	N	0.32510368073977763	1.2002056322625596
IIIc	51	1.0	present	1.0	F	0.9999997562999546	Y	2.0743956887932682e-07	5.933551468640236e-06
IIIb	52	1.0	present	1.0	Q	0.9986744123326745	H	0.0006776863585187548	0.016698440207931417
IIIc	52	1.0	present	1.0	H	0.9999999643325969	Q	2.4151055997459183e-08	9.917133665181738e-07
IIIb	53	1.0	present	1.0	S	0.9999855679246034	T	7.362585254580048e-06	0.0002785549185643338
IIIc	53	1.0	present	1.0	S	0.9999999932099048	T	3.3498898727563763e-09	2.0652286633897218e-07
IIIb	54	1.0	present	1.0	G	0.9911657555160373	A	0.0077496759700926504	0.07894907086527578
IIIc	54	1.0	present	1.0	A	0.9999998421632517	G	7.441222245283374e-08	4.077125182544627e-06
IIIb	55	1.0	present	1.0	W	0.9999997162681478	Y	1.6901430653916104e-07	6.942123112356238e-06
IIIc	55	1.0	present	1.0	W	0.9999999998470116	Y	9.072458475003812e-11	5.405748259420341e-09
IIIb	56	1.0	present	1.0	L	0.9999885125274666	M	5.199840420310849e-06	0.00022347697726339685
IIIc	56	1.0	present	1.0	L	0.9999999950746016	M	2.0936172565290863e-09	1.512054500143897e-07
IIIb	57	1.0	present	1.0	T	0.9997334014850178	V	8.95795379266457e-05	0.0041286421644882365
IIIc	57	1.0	present	1.0	T	0.9999999628650513	S	2.8017361824349138e-08	1.0247656122941954e-06
IIIb	58	1.0	present	1.0	V	0.9999404534853187	I	5.666233302125491e-05	0.0009443535087647384
IIIc	58	1.0	present	1.0	V	0.9999999767324	I	2.1792867938753264e-08	6.345929392362552e-07
IIIb	59	0.9285714285714286	present	0.9285714285714286	I	0.9976937228827966	V	0.0013511206530286324	0.026307398484000995
IIIc	59	1.0	present	1.0	L	0.999999707410063	I	1.6072322572068702e-07	7.250076822597756e-06
IIIb	69	0.8928571428571429	present	0.8928571428571429	P	0.9999998129292322	S	7.561469938103699e-08	4.851874682307615e-06
IIIc	69	1.0	present	1.0	P	0.9999999999003475	S	3.967475706395098e-11	3.671773126475136e-09
