alignment_column	ancestral_IIIb	ancestral_IIIc	different	canonical_barcode	IIIb_posterior_probability	IIIc_posterior_probability
1	H	A	True	True	0.6747268332040397	0.8566891638518075
2	S	A	True	True	0.9999151989517615	0.9999999600745643
3	G	G	False	False	0.9999992201065374	0.9999999995992862
4	I	V	True	True	0.9998298814443612	0.9999999175810272
5	N	N	False	False	0.9999988043245646	0.9999999993861666
6	S	T	True	True	0.9998233309140308	0.9999999406625409
7	S	T	True	True	0.9999026462361806	0.9999999640042185
8	D	D	False	True	0.9999371506500054	0.9999999805323738
9	-	K	True	False	0.43204111445713156	0.9999998821366521
10	-	E	True	False	0.6736342881168197	0.9999999614896272
11	V	I	True	True	0.9993155406253543	0.9999997524886092
12	E	E	False	False	0.9999947612251999	0.9999999975900299
13	V	V	False	False	0.9963867959147473	0.999999821986553
14	L	L	False	False	0.9999885125274666	0.9999999950746016
15	T	H	True	False	0.9979772151894606	0.9999779905637443
16	L	I	True	True	0.9995648945865314	0.9999996465538016
17	T	Q	True	False	0.9993738160173394	0.9999660760271932
18	N	N	False	False	0.9999988043245646	0.9999999993861666
19	V	V	False	False	0.9999861515794839	0.9999999941118084
20	T	T	False	False	0.9080484147849295	0.9999999789719936
21	E	V	True	True	0.9996613416238881	0.9999783773002757
22	E	E	False	False	0.999732772555251	0.9999998986623354
23	D	D	False	False	0.9999962162859535	0.999999998190321
24	A	A	False	False	0.9999529156622485	0.9999999787680128
25	G	G	False	False	0.9999992201065374	0.9999999995992862
26	E	E	False	False	0.9999754950697228	0.999999989201991
27	Y	Y	False	False	0.9998523032700262	0.9999999919138494
28	T	T	False	True	0.9987357787836483	0.999999986611657
29	C	C	False	False	0.9999999529475208	0.9999999999742202
30	K	L	True	True	0.999529294616865	0.9999997611314697
31	V	A	True	True	0.9997568598770242	0.9999999459088676
32	S	G	True	True	0.9999136399478449	0.9999999868813573
45	N	N	False	False	0.9999988043245646	0.9999999993861666
46	Y	S	True	True	0.9999518377622881	0.9999999407564473
47	I	I	False	False	0.9999877781204566	0.9999999945831533
48	G	G	False	False	0.9999992201065374	0.9999999995992862
49	E	I	True	False	0.9997670287199497	0.9999995402628526
50	A	S	True	True	0.999852248787981	0.9999999144887599
51	H	F	True	True	0.6299618263078713	0.9999997562999546
52	Q	H	True	True	0.9986744123326745	0.9999999643325969
53	S	S	False	False	0.9999855679246034	0.9999999932099048
54	G	A	True	False	0.9911657555160373	0.9999998421632517
55	W	W	False	False	0.9999997162681478	0.9999999998470116
56	L	L	False	False	0.9999885125274666	0.9999999950746016
57	T	T	False	False	0.9997334014850178	0.9999999628650513
58	V	V	False	False	0.9999404534853187	0.9999999767324
59	I	L	True	False	0.9976937228827966	0.999999707410063
69	P	P	False	False	0.9999998129292322	0.9999999999003475
