species	isoform	protein_id	transcript_id	sequence_length	valid_amino_acid_alphabet	contains_internal_stop	terminal_stop_present	sequence_hash	duplicate_group_id	has_III_region_coordinates	cassette_within_protein_bounds	expected_length_range_status	length_outlier_status	interpro_ready	protein_integrity_status	protein_integrity_warning
alligator_mississippiensis	IIIb	XP_006266188.1	XM_006266126.4	868	true	false	false	9a4f59650e472e63bc07abaaf107fe480db6de799bd98573c25222405d24c7ca	dgrp_001	true	true	within_expected_range	within_expected_range	true	protein_integrity_pass
alligator_mississippiensis	IIIc	XP_059586053.1	XM_059730070.1	869	true	false	false	87317467e83bfc6c18bb93a5319a06f2466d8c6b104021702ab12c7e24148ee0	dgrp_002	true	true	within_expected_range	within_expected_range	true	protein_integrity_pass
ambystoma_mexicanum	IIIb	XP_069468056.1	XM_069611955.1	838	true	false	false	0704ede7334a0651d4528892f08f11936711d4431e0f3a32569ff85d0bc538c5	dgrp_003	true	true	within_expected_range	within_expected_range	true	protein_integrity_pass
ambystoma_mexicanum	IIIc	XP_069468054.1	XM_069611953.1	840	true	false	false	407c73c8cb88b3817924c05ce0b92b7a0d6f3dcd70d71bbe9faf87c3990f8b8e	dgrp_004	true	true	within_expected_range	within_expected_range	true	protein_integrity_pass
anolis_carolinensis	IIIb	XP_062832081.1	XM_062976011.1	873	true	false	false	faeeef522f5c2ff362c5105304868714a9ac50811d36f15c4b48730a7d080c89	dgrp_005	true	true	within_expected_range	within_expected_range	true	protein_integrity_pass
anolis_carolinensis	IIIc	XP_062832082.1	XM_062976012.1	873	true	false	false	cbb68240c41b1444c00960dc9487949349687e36ee0ebfdc0d0f9d90dc5d4449	dgrp_006	true	true	within_expected_range	within_expected_range	true	protein_integrity_pass
bos_taurus	IIIb	XP_059737724.1	XM_059881741.1	840	true	false	false	d44c259aaab572e348816750cde7d563e2ef3fff1986fd72f198dbe1f1689274	dgrp_007	true	true	within_expected_range	within_expected_range	true	protein_integrity_pass
bos_taurus	IIIc	XP_059737723.1	XM_059881740.1	841	true	false	false	69f9c01ffeece2671c747d0ac018d139608bc3ac9679e21171dacbc7e92eaf6e	dgrp_008	true	true	within_expected_range	within_expected_range	true	protein_integrity_pass
callithrix_jacchus	IIIb	XP_078202765.1	XM_078346639.1	840	true	false	false	ec5ce357cee4c9ddf37f93a61bcac8888a396ee68081f8a5fd0c2a0d1b14f384	dgrp_009	true	true	within_expected_range	within_expected_range	true	protein_integrity_pass
callithrix_jacchus	IIIc	XP_078202760.1	XM_078346634.1	841	true	false	false	ff6dec0e21acf788f82b1a4673331c79c63099eeb51b8b27a920438388faee64	dgrp_010	true	true	within_expected_range	within_expected_range	true	protein_integrity_pass
canis_lupus_familiaris	IIIb	ENSCAFP00845027156	ENSCAFT00845034672	709	true	false	false	82edf487acdd5224062078c1fda605def1cc987c1307fe40af0dbb18a2c9dfda	dgrp_011	true	true	within_expected_range	within_expected_range	true	protein_integrity_pass
canis_lupus_familiaris	IIIc	ENSCAFP00845027252	ENSCAFT00845034795	705	true	false	false	afb6b64f23991bf5fb5c7ea2cc7f58b3b21c4a8bb43dcf9bf393919005b18124	dgrp_012	true	true	within_expected_range	within_expected_range	true	protein_integrity_pass
chrysemys_picta_bellii	IIIb	XP_065408413.1	XM_065552341.1	840	true	false	false	a8bcdb929851c4d83503c0bca623c4c8f241cda6630fb1047c23e9be8ab2a72c	dgrp_013	true	true	within_expected_range	within_expected_range	true	protein_integrity_pass
chrysemys_picta_bellii	IIIc	XP_023965681.1	XM_024109913.3	838	true	false	false	d42beb1259cedb83af054395be75c66551a299b0b72aa37e62238e1656e7eed9	dgrp_014	true	true	within_expected_range	within_expected_range	true	protein_integrity_pass
danio_rerio	IIIb	XP_068081038.1	XM_068224937.2	840	true	false	false	8d4a6ec0e58930c77507b47f83c9192130bf06a505f1edf78b49e5cd0d86592e	dgrp_015	true	true	within_expected_range	within_expected_range	true	protein_integrity_pass
danio_rerio	IIIc	XP_068081039.1	XM_068224938.2	838	true	false	false	db9a242748bc8a719e29a21ff5fb2243b854b05c8cadb841b2e8627627782e5e	dgrp_016	true	true	within_expected_range	within_expected_range	true	protein_integrity_pass
equus_caballus	IIIb	XP_014588430.1	XM_014732944.3	886	true	false	false	cb5c7f39d1f6dfe56ae6134fc683cc477185b7be320b7f2767c0a2fc6888920d	dgrp_017	true	true	within_expected_range	within_expected_range	true	protein_integrity_pass
equus_caballus	IIIc	XP_014588429.1	XM_014732943.3	887	true	false	false	431975e47c5f9efbaf5ec3cce288f86b80383180163cab1fe588b7b56fad8e9c	dgrp_018	true	true	within_expected_range	within_expected_range	true	protein_integrity_pass
felis_catus	IIIb	XP_044896695.1	XM_045040760.1	840	true	false	false	0e93c2ab13f42a2db8e7c2fad005ef5afa5636178bab45ed360698df82d486ca	dgrp_019	true	true	within_expected_range	within_expected_range	true	protein_integrity_pass
felis_catus	IIIc	XP_044896694.1	XM_045040759.1	841	true	false	false	178f823cbb1b99f19b6981392e9c73a890e641beddf9fddebfa0253aba9ed4b5	dgrp_020	true	true	within_expected_range	within_expected_range	true	protein_integrity_pass
gallus_gallus	IIIb	NP_990650.2	NM_205319.4	842	true	false	false	a0cfdf3b8b4614a3ab43ffdb666c4bad877c1798d2606c83841d9ffe85c778f0	dgrp_021	true	true	within_expected_range	within_expected_range	true	protein_integrity_pass
gallus_gallus	IIIc	XP_046798696.1	XM_046942740.1	843	true	false	false	19b8d35c9d3049b9d9b0e08946991871f25690b4fff4d1c4554035e87afce905	dgrp_022	true	true	within_expected_range	within_expected_range	true	protein_integrity_pass
gasterosteus_aculeatus	IIIb	ENSGACP00000061458	ENSGACT00000067656	917	true	false	false	cf25b54b0a2e8e7a9e991060f344ac08a13abda72670259382052baa79f33e78	dgrp_023	true	true	above_expected_range	long_outlier_review	true	protein_length_outlier_review	long_outlier_review
gasterosteus_aculeatus	IIIc	ENSGACP00000047216	ENSGACT00000078064	915	true	false	false	3357d2be00b4a6dae4126158642e99f92c99ad9d0735f37c3615258cf00d4a97	dgrp_024	true	true	above_expected_range	long_outlier_review	true	protein_length_outlier_review	long_outlier_review
gorilla_gorilla_gorilla	IIIb	ENSGGOP00000037634	ENSGGOT00000051097	709	true	false	false	9a0edef8b35bb0247bdd00a4675dd5665b2c79c5dc13654639e2cc771c9dcfe7	dgrp_025	true	true	within_expected_range	within_expected_range	true	protein_integrity_pass
gorilla_gorilla_gorilla	IIIc	ENSGGOP00000051435	ENSGGOT00000059958	670	true	false	false	f0f5b09c0de0d5990a45a8c0b41ef4578d4e2698c3e6fab386352064cba15c93	dgrp_026	true	true	within_expected_range	within_expected_range	true	protein_integrity_pass
homo_sapiens	IIIb	ENSP00000351276	ENST00000358487	821	true	false	false	c81b4e9e806e0ace9f779e65477e6c988dea6cad5eecfbcb35f2364c5fc884dd	dgrp_027	true	true	within_expected_range	within_expected_range	true	protein_integrity_pass
homo_sapiens	IIIc	ENSP00000813085	ENST00001142305	822	true	false	false	0d7c744f3ba4b8b975b359ff4795b8f4346864241222eb71aa92ef4d2c97a78c	dgrp_028	true	true	within_expected_range	within_expected_range	true	protein_integrity_pass
macaca_mulatta	IIIb	XP_077803775.1	XM_077947649.1	838	true	false	false	bd7a7ffd9f75ce62672354dfdf533f5d8e1331b9a66c7786bba8ad909312981b	dgrp_029	true	true	within_expected_range	within_expected_range	true	protein_integrity_pass
macaca_mulatta	IIIc	XP_015003815.1	XM_015148329.3	839	true	false	false	ea1133f3409482fe3d8d0e6424203545c1aed4d763dd7e6f1256a7fc9c2d2d96	dgrp_030	true	true	within_expected_range	within_expected_range	true	protein_integrity_pass
meleagris_gallopavo	IIIb	ENSMGAP00000031571	ENSMGAT00000021846	627	true	false	false	08932004d8c9c125742f22c774b4a295f36cc56fa6954d05d605a6c2e8d44fa6	dgrp_031	true	true	within_expected_range	within_expected_range	true	protein_integrity_pass
meleagris_gallopavo	IIIc	ENSMGAP00000031353	ENSMGAT00000037037	631	true	false	false	872b9313a0bcb3f007e4711bf942b87c0d838ec6d2e8bba7421bcfa93f700940	dgrp_032	true	true	within_expected_range	within_expected_range	true	protein_integrity_pass
monodelphis_domestica	IIIb	XP_056659242.1	XM_056803264.1	839	true	false	false	ec12b37d12f14cf27154b875d1bd70aa5d9eb3e90cb9dd119e12f3e10c786309	dgrp_033	true	true	within_expected_range	within_expected_range	true	protein_integrity_pass
monodelphis_domestica	IIIc	XP_056659239.1	XM_056803261.1	840	true	false	false	04560688aa9794625f47203f818b275d2474db5153d9b72c2468d3bc0afa7592	dgrp_034	true	true	within_expected_range	within_expected_range	true	protein_integrity_pass
mus_musculus	IIIb	ENSMUSP00000112430	ENSMUST00000122054	840	true	false	false	b3b737cf5da55730a68334160c8d450e68bc13174d6c9442f202a5907f66bd9d	dgrp_035	true	true	within_expected_range	within_expected_range	true	protein_integrity_pass
mus_musculus	IIIc	ENSMUSP00000113180	ENSMUST00000117691	822	true	false	false	94a91de1ec53499dffbdfd72e244c0da6e4d2c428abba0d43e81abfb6156e633	dgrp_036	true	true	within_expected_range	within_expected_range	true	protein_integrity_pass
oreochromis_niloticus	IIIb	ENSONIP00000063320	ENSONIT00000047381	812	true	false	false	9a855549a7efda6c65842aff9ecb0978bfe7a8e8c324f296bf67159fab4f707f	dgrp_037	true	true	within_expected_range	within_expected_range	true	protein_integrity_pass
oreochromis_niloticus	IIIc	ENSONIP00000060910	ENSONIT00000055812	865	true	false	false	eda750ad950d42e21dbc78f3ef72f8b73e74cb160f30b9fbb2b9565a1b9f8529	dgrp_038	true	true	within_expected_range	within_expected_range	true	protein_integrity_pass
ornithorhynchus_anatinus	IIIb	XP_028936644.1	XM_029080811.2	839	true	false	false	da71692667389b96e5936ea8d6cd353a9d79b8f9263158f03a0ccc68ff6d596d	dgrp_039	true	true	within_expected_range	within_expected_range	true	protein_integrity_pass
ornithorhynchus_anatinus	IIIc	XP_028936643.1	XM_029080810.2	840	true	false	false	06faca5cd7d9a4d1f6f84ae157dcf13afede4573f9b243a05b3a8a68d5266a4b	dgrp_040	true	true	within_expected_range	within_expected_range	true	protein_integrity_pass
oryctolagus_cuniculus	IIIb	XP_069913096.1	XM_070056995.1	840	true	false	false	d6f4cb7cbc5b6d065e7823bd89278378877b4a29a823a3dc8c2f626ea63f11de	dgrp_041	true	true	within_expected_range	within_expected_range	true	protein_integrity_pass
oryctolagus_cuniculus	IIIc	XP_069913100.1	XM_070056999.1	841	true	false	false	b0d0629989c468df4a67fc18a0e58d1d7a56150c3db8e15b5b1a77138b356282	dgrp_042	true	true	within_expected_range	within_expected_range	true	protein_integrity_pass
oryzias_latipes	IIIb	XP_078787744.1	XM_078931618.1	832	true	false	false	1de79702aec47475f07e6d6f2ec86318a42b0bf11c6f81aa1f26f7df0056851f	dgrp_043	true	true	within_expected_range	within_expected_range	true	protein_integrity_pass
oryzias_latipes	IIIc	XP_011483055.1	XM_011484753.4	830	true	false	false	f796a584689a605d3063c07a122530b9c02d87a139ff18b2c94d1e67c97da5d1	dgrp_044	true	true	within_expected_range	within_expected_range	true	protein_integrity_pass
ovis_aries	IIIb	XP_060260490.1	XM_060404507.1	840	true	false	false	d44c259aaab572e348816750cde7d563e2ef3fff1986fd72f198dbe1f1689274	dgrp_007	true	true	within_expected_range	within_expected_range	true	protein_integrity_pass
ovis_aries	IIIc	XP_060260488.1	XM_060404505.1	841	true	false	false	69f9c01ffeece2671c747d0ac018d139608bc3ac9679e21171dacbc7e92eaf6e	dgrp_008	true	true	within_expected_range	within_expected_range	true	protein_integrity_pass
pan_troglodytes	IIIb	XP_054516514.1	XM_054660539.2	840	true	false	false	d097487d5170e632fbb7979ffd654c85a2f271e0e714fd8133b922edb0603fd8	dgrp_045	true	true	within_expected_range	within_expected_range	true	protein_integrity_pass
pan_troglodytes	IIIc	XP_054516513.1	XM_054660538.2	841	true	false	false	6ce49f0a3505578445751e892887f70099d7e84ec2fb84b4e651e900dd748e1d	dgrp_046	true	true	within_expected_range	within_expected_range	true	protein_integrity_pass
pongo_abelii	IIIb	XP_024108704.1	XM_024252936.3	838	true	false	false	bcb89eb12fb1140897b1321d635eb555240c1e09aa5654f4de65152e0297dc0a	dgrp_047	true	true	within_expected_range	within_expected_range	true	protein_integrity_pass
pongo_abelii	IIIc	NP_001124693.2	NM_001131221.3	840	true	false	false	7c57dc74017020b4aa6df466209832b6f37cbe5dc3fc0a1afd3eb221b26258cb	dgrp_048	true	true	within_expected_range	within_expected_range	true	protein_integrity_pass
rattus_norvegicus	IIIb	XP_063137149.1	XM_063281079.1	840	true	false	false	2c3143c7b0db5b0a4d8255fcf9eee9bc75ce0ae868191a49219ca9e697110f89	dgrp_049	true	true	within_expected_range	within_expected_range	true	protein_integrity_pass
rattus_norvegicus	IIIc	XP_063137148.1	XM_063281078.1	841	true	false	false	d7f927a14bb0dadff3ffa67f7ebb269af778b2160c99230c5601f7a5cf4f689e	dgrp_050	true	true	within_expected_range	within_expected_range	true	protein_integrity_pass
sus_scrofa	IIIb	XP_084849197.1	XM_084993071.1	840	true	false	false	1ec8bb4e6e5c629aba2016838dff936e67d25f6de10e360cdcdebe8a418a23bd	dgrp_051	true	true	within_expected_range	within_expected_range	true	protein_integrity_pass
sus_scrofa	IIIc	XP_084849194.1	XM_084993068.1	841	true	false	false	ea433110604138eb714bbd571c85df62077942d106e7bda0d23e88aa1ffd8ab8	dgrp_052	true	true	within_expected_range	within_expected_range	true	protein_integrity_pass
taeniopygia_guttata	IIIb	XP_072787409.1	XM_072931308.1	890	true	false	false	aa44dda24a941ca48c94079c8728cf5aef284f80b28238fa3443b9dd807b657b	dgrp_053	true	true	within_expected_range	within_expected_range	true	protein_integrity_pass
taeniopygia_guttata	IIIc	XP_072787408.1	XM_072931307.1	891	true	false	false	fc67a737678212b0644f996de6482e5ec66213ad6fa176383e52bd87b6aaf0e6	dgrp_054	true	true	within_expected_range	within_expected_range	true	protein_integrity_pass
takifugu_rubripes	IIIb	ENSTRUP00000045145	ENSTRUT00000045297	838	true	false	false	434b88c7a21e78355c99543af55b5a9637dd0d9211301a3bb3f61b3dcb59a88d	dgrp_055	true	true	within_expected_range	within_expected_range	true	protein_integrity_pass
takifugu_rubripes	IIIc	ENSTRUP00000045146	ENSTRUT00000045298	836	true	false	false	959b63b857303d5b1960849b37c8a8870edcb5656a1f217ba73a5a4b3c83f378	dgrp_056	true	true	within_expected_range	within_expected_range	true	protein_integrity_pass
xenopus_tropicalis	IIIb	ENSXETP00000069725	ENSXETT00000071733	910	true	false	false	05a979e0968c434a37ec2ea3fb312ca0b2f6a90987a73853a28d74f1221ac24f	dgrp_057	true	true	above_expected_range	long_outlier_review	true	protein_length_outlier_review	long_outlier_review
xenopus_tropicalis	IIIc	ENSXETP00000087394	ENSXETT00000078335	832	true	false	false	a90a08948f5e29fb4129d422c3eee6c4a0a7b0a91f376aa06ce3cea84c95bbaf	dgrp_058	true	true	within_expected_range	within_expected_range	true	protein_integrity_pass
