species	display_species_name	taxon_group	isoform	upstream_label	legacy_label	previous_pipeline_label	validated_exon_type	final_isoform_label	transcript_id	protein_id	gene_id	protein_length	sequence_md5	label_consistency_status	rescue_required	rescue_decision	final_label_source	final_claim_status	final_claim_status_after_rescue	orthology_status	paralog_status	synteny_validation_class	combined_synteny_validation_class	neighbor_label_quality_score	MSA_full_length_status	full_length_gap_fraction	full_length_outlier_status	full_length_MSA_warning	MSA_cassette_status	cassette_MSA_warning	boundary_robustness_class	coordinate_validation_status	CDS_reconstruction_status	protein_integrity_status	pre_interpro_readiness_class	pre_interpro_warning	unresolved_reason_if_any
homo_sapiens	Homo sapiens	Primates	IIIb	IIIc	IIIc	IIIc	IIIb	IIIb	ENST00001142305	ENSP00000813085		822	0d7c744f3ba4b8b975b359ff4795b8f4346864241222eb71aa92ef4d2c97a78c	swapped_relative_to_upstream	true	current_candidate_confirmed_after_exhaustive_screen	sequence_reconciliation_confirmed	primary_claim_supported_with_minor_flags	primary_claim_supported_with_minor_flags	fgfr2_ortholog_high_confidence	fgfr2_high_confidence_multi_vertebrate	synteny_strong	synteny_strong	1.0	full_length_msa_pass	0.2382	within_expected_range		msa_pass		robust_boundary	moderate_native_offset_review	unknown_x2:phase_not_propagated_from_source	protein_integrity_pass	ready_for_interpro_with_minor_flags
homo_sapiens	Homo sapiens	Primates	IIIc	IIIb	IIIb	IIIb	IIIc	IIIc	ENST00000358487	ENSP00000351276		821	c81b4e9e806e0ace9f779e65477e6c988dea6cad5eecfbcb35f2364c5fc884dd	swapped_relative_to_upstream	true	current_candidate_confirmed_after_exhaustive_screen	sequence_reconciliation_confirmed	primary_claim_supported_with_minor_flags	primary_claim_supported_with_minor_flags	fgfr2_ortholog_high_confidence	fgfr2_high_confidence_multi_vertebrate	synteny_strong	synteny_strong	1.0	full_length_msa_pass	0.2382	within_expected_range		msa_pass		robust_boundary	moderate_native_offset_review	unknown_x2:phase_not_propagated_from_source	protein_integrity_pass	ready_for_interpro_with_minor_flags
pan_troglodytes	Pan troglodytes	Primates	IIIb	IIIc	IIIc	IIIc	IIIb	IIIb	XM_054660538.2	XP_054516513.1		841	6ce49f0a3505578445751e892887f70099d7e84ec2fb84b4e651e900dd748e1d	swapped_relative_to_upstream	true	current_candidate_confirmed_after_exhaustive_screen	sequence_reconciliation_confirmed	primary_claim_supported_with_minor_flags	primary_claim_supported_with_minor_flags	fgfr2_ortholog_high_confidence	fgfr2_high_confidence_multi_vertebrate	synteny_strong	synteny_strong	0.9	full_length_msa_pass	0.2382	within_expected_range		msa_pass		robust_boundary	same_native_coordinate	split_x2	protein_integrity_pass	ready_for_interpro_with_minor_flags
pan_troglodytes	Pan troglodytes	Primates	IIIc	IIIb	IIIb	IIIb	IIIc	IIIc	XM_054660539.2	XP_054516514.1		840	d097487d5170e632fbb7979ffd654c85a2f271e0e714fd8133b922edb0603fd8	swapped_relative_to_upstream	true	current_candidate_confirmed_after_exhaustive_screen	sequence_reconciliation_confirmed	primary_claim_supported_with_minor_flags	primary_claim_supported_with_minor_flags	fgfr2_ortholog_high_confidence	fgfr2_high_confidence_multi_vertebrate	synteny_strong	synteny_strong	0.9	full_length_msa_pass	0.2382	within_expected_range		msa_pass		robust_boundary	same_native_coordinate	split_x2	protein_integrity_pass	ready_for_interpro_with_minor_flags
gorilla_gorilla_gorilla	Gorilla gorilla gorilla	Primates	IIIb	IIIc	IIIc	IIIc	IIIb	IIIb	ENSGGOT00000059958	ENSGGOP00000051435		670	f0f5b09c0de0d5990a45a8c0b41ef4578d4e2698c3e6fab386352064cba15c93	swapped_relative_to_upstream	true	current_candidate_confirmed_after_exhaustive_screen	sequence_reconciliation_confirmed	primary_claim_supported_with_minor_flags	primary_claim_supported_with_minor_flags	fgfr2_ortholog_high_confidence	fgfr2_high_confidence_multi_vertebrate	synteny_supported_with_minor_rearrangement	synteny_supported_with_minor_rearrangement	0.9	full_length_msa_pass	0.2382	within_expected_range		msa_pass		supported_boundary_with_minor_flags	major_native_offset_review	unknown_x2:phase_not_propagated_from_source	protein_integrity_pass	ready_for_interpro_with_minor_flags
gorilla_gorilla_gorilla	Gorilla gorilla gorilla	Primates	IIIc	IIIb	IIIb	IIIb	IIIc	IIIc	XP_004050253.1	XP_004050253.1		723	55a93e04156f0f20c358b15715a71ded6e7172a86114b577b8db87eb5838a652	unresolved_no_sequence	true	rescued_with_external_validated_candidate_pair	external_refseq_sequence_validated	primary_claim_supported_with_minor_flags	primary_claim_supported_with_minor_flags	fgfr2_ortholog_high_confidence	fgfr2_high_confidence_multi_vertebrate	synteny_supported_with_minor_rearrangement	synteny_supported_with_minor_rearrangement	0.9	full_length_msa_pass	0.2382	within_expected_range		msa_pass		supported_boundary_with_minor_flags	major_native_offset_review	unknown_x2:phase_not_propagated_from_source	protein_integrity_pass	ready_for_interpro_with_minor_flags
pongo_abelii	Pongo abelii	Primates	IIIb	IIIb	IIIb	IIIb	unresolved	IIIb	XM_024252936.3	XP_024108704.1		838	bcb89eb12fb1140897b1321d635eb555240c1e09aa5654f4de65152e0297dc0a	unresolved_no_sequence	true	sequence_support_only_keep_supplement	unresolved_kept_provenance	excluded_from_primary_claim	supplement_review	fgfr2_ortholog_high_confidence	fgfr2_high_confidence_multi_vertebrate	synteny_supported_with_minor_rearrangement	synteny_supported_with_minor_rearrangement	0.8	full_length_msa_pass	0.2382	within_expected_range		msa_pass		supported_boundary_with_minor_flags	same_native_coordinate	split_x2	protein_integrity_pass	supplement_review_only	no source-compatible validated candidate; sequence support only	no source-compatible validated candidate; sequence support only
pongo_abelii	Pongo abelii	Primates	IIIc	IIIc	IIIc	IIIc	IIIc	IIIc	XM_024252936	XP_024108704.1		838	bcb89eb12fb1140897b1321d635eb555240c1e09aa5654f4de65152e0297dc0a	ambiguous_label_review	true	current_candidate_confirmed_after_exhaustive_screen	sequence_reconciliation_confirmed	primary_claim_supported	primary_claim_supported_with_minor_flags	fgfr2_ortholog_supported_with_warnings	fgfr2_high_confidence_multi_vertebrate	synteny_supported_with_minor_rearrangement	synteny_supported_with_minor_rearrangement	0.8	full_length_msa_pass	0.2382	within_expected_range		msa_pass		supported_boundary_with_minor_flags	same_native_coordinate	split_x2	protein_integrity_pass	ready_for_interpro_with_minor_flags
macaca_mulatta	Macaca mulatta	Primates	IIIb	IIIc	IIIc	IIIc	IIIb	IIIb	XM_015148329.3	XP_015003815.1		839	ea1133f3409482fe3d8d0e6424203545c1aed4d763dd7e6f1256a7fc9c2d2d96	swapped_relative_to_upstream	true	current_candidate_confirmed_after_exhaustive_screen	sequence_reconciliation_confirmed	primary_claim_supported_with_minor_flags	primary_claim_supported_with_minor_flags	fgfr2_ortholog_high_confidence	fgfr2_high_confidence_multi_vertebrate	synteny_strong	synteny_strong	0.9	full_length_msa_pass	0.2382	within_expected_range		msa_pass		robust_boundary	same_native_coordinate	split_x2	protein_integrity_pass	ready_for_interpro_with_minor_flags
macaca_mulatta	Macaca mulatta	Primates	IIIc	IIIb	IIIb	IIIb	IIIc	IIIc	XM_077947649.1	XP_077803775.1		838	bd7a7ffd9f75ce62672354dfdf533f5d8e1331b9a66c7786bba8ad909312981b	swapped_relative_to_upstream	true	current_candidate_confirmed_after_exhaustive_screen	sequence_reconciliation_confirmed	primary_claim_supported_with_minor_flags	primary_claim_supported_with_minor_flags	fgfr2_ortholog_high_confidence	fgfr2_high_confidence_multi_vertebrate	synteny_strong	synteny_strong	0.9	full_length_msa_pass	0.2382	within_expected_range		msa_pass		robust_boundary	same_native_coordinate	split_x2	protein_integrity_pass	ready_for_interpro_with_minor_flags
callithrix_jacchus	Callithrix jacchus	Primates	IIIb	IIIc	IIIc	IIIc	IIIb	IIIb	XM_078346634.1	XP_078202760.1		841	ff6dec0e21acf788f82b1a4673331c79c63099eeb51b8b27a920438388faee64	swapped_relative_to_upstream	true	current_candidate_confirmed_after_exhaustive_screen	sequence_reconciliation_confirmed	primary_claim_supported_with_minor_flags	primary_claim_supported_with_minor_flags	fgfr2_ortholog_high_confidence	fgfr2_high_confidence_multi_vertebrate	synteny_partial_blast_supported	synteny_partial_blast_supported	0.65	full_length_msa_pass	0.2382	within_expected_range		msa_pass		robust_boundary	same_native_coordinate	split_x2	protein_integrity_pass	ready_for_interpro_with_minor_flags
callithrix_jacchus	Callithrix jacchus	Primates	IIIc	IIIb	IIIb	IIIb	IIIc	IIIc	XM_078346639.1	XP_078202765.1		840	ec5ce357cee4c9ddf37f93a61bcac8888a396ee68081f8a5fd0c2a0d1b14f384	swapped_relative_to_upstream	true	current_candidate_confirmed_after_exhaustive_screen	sequence_reconciliation_confirmed	primary_claim_supported_with_minor_flags	primary_claim_supported_with_minor_flags	fgfr2_ortholog_high_confidence	fgfr2_high_confidence_multi_vertebrate	synteny_partial_blast_supported	synteny_partial_blast_supported	0.65	full_length_msa_pass	0.2382	within_expected_range		msa_pass		robust_boundary	same_native_coordinate	split_x2	protein_integrity_pass	ready_for_interpro_with_minor_flags
mus_musculus	Mus musculus	Other mammals	IIIb	IIIc	IIIc	IIIc	IIIb	IIIb	ENSMUST00000117691	ENSMUSP00000113180		822	94a91de1ec53499dffbdfd72e244c0da6e4d2c428abba0d43e81abfb6156e633	swapped_relative_to_upstream	true	current_candidate_confirmed_after_exhaustive_screen	sequence_reconciliation_confirmed	primary_claim_supported_with_minor_flags	primary_claim_supported_with_minor_flags	fgfr2_ortholog_high_confidence	fgfr2_high_confidence_multi_vertebrate	synteny_strong	synteny_strong	1.0	full_length_msa_pass	0.2382	within_expected_range		msa_pass		robust_boundary	moderate_native_offset_review	unknown_x2:phase_not_propagated_from_source	protein_integrity_pass	ready_for_interpro_with_minor_flags
mus_musculus	Mus musculus	Other mammals	IIIc	IIIb	IIIb	IIIb	IIIc	IIIc	ENSMUST00000122054	ENSMUSP00000112430		840	b3b737cf5da55730a68334160c8d450e68bc13174d6c9442f202a5907f66bd9d	swapped_relative_to_upstream	true	current_candidate_confirmed_after_exhaustive_screen	sequence_reconciliation_confirmed	primary_claim_supported_with_minor_flags	primary_claim_supported_with_minor_flags	fgfr2_ortholog_high_confidence	fgfr2_high_confidence_multi_vertebrate	synteny_strong	synteny_strong	1.0	full_length_msa_pass	0.2382	within_expected_range		msa_pass		robust_boundary	moderate_native_offset_review	unknown_x2:phase_not_propagated_from_source	protein_integrity_pass	ready_for_interpro_with_minor_flags
rattus_norvegicus	Rattus norvegicus	Other mammals	IIIb	IIIc	IIIc	IIIc	IIIb	IIIb	XM_063281078.1	XP_063137148.1		841	d7f927a14bb0dadff3ffa67f7ebb269af778b2160c99230c5601f7a5cf4f689e	swapped_relative_to_upstream	true	current_candidate_confirmed_after_exhaustive_screen	sequence_reconciliation_confirmed	primary_claim_supported_with_minor_flags	primary_claim_supported_with_minor_flags	fgfr2_ortholog_high_confidence	fgfr2_high_confidence_multi_vertebrate	synteny_supported_with_minor_rearrangement	synteny_supported_with_minor_rearrangement	0.95	full_length_msa_pass	0.2382	within_expected_range		msa_pass		robust_boundary	same_native_coordinate	split_x2	protein_integrity_pass	ready_for_interpro_with_minor_flags
rattus_norvegicus	Rattus norvegicus	Other mammals	IIIc	IIIb	IIIb	IIIb	IIIc	IIIc	XM_063281079.1	XP_063137149.1		840	2c3143c7b0db5b0a4d8255fcf9eee9bc75ce0ae868191a49219ca9e697110f89	swapped_relative_to_upstream	true	current_candidate_confirmed_after_exhaustive_screen	sequence_reconciliation_confirmed	primary_claim_supported_with_minor_flags	primary_claim_supported_with_minor_flags	fgfr2_ortholog_high_confidence	fgfr2_high_confidence_multi_vertebrate	synteny_supported_with_minor_rearrangement	synteny_supported_with_minor_rearrangement	0.95	full_length_msa_pass	0.2382	within_expected_range		msa_pass		robust_boundary	same_native_coordinate	split_x2	protein_integrity_pass	ready_for_interpro_with_minor_flags
oryctolagus_cuniculus	Oryctolagus cuniculus	Other mammals	IIIb	IIIc	IIIc	IIIc	IIIb	IIIb	XM_070056999.1	XP_069913100.1		841	b0d0629989c468df4a67fc18a0e58d1d7a56150c3db8e15b5b1a77138b356282	swapped_relative_to_upstream	true	current_candidate_confirmed_after_exhaustive_screen	sequence_reconciliation_confirmed	primary_claim_supported_with_minor_flags	primary_claim_supported_with_minor_flags	fgfr2_ortholog_high_confidence	fgfr2_high_confidence_multi_vertebrate	synteny_strong	synteny_strong	0.9	full_length_msa_pass	0.2382	within_expected_range		msa_pass		robust_boundary	same_native_coordinate	split_x2	protein_integrity_pass	ready_for_interpro_with_minor_flags
oryctolagus_cuniculus	Oryctolagus cuniculus	Other mammals	IIIc	IIIb	IIIb	IIIb	IIIc	IIIc	XM_070056995.1	XP_069913096.1		840	d6f4cb7cbc5b6d065e7823bd89278378877b4a29a823a3dc8c2f626ea63f11de	swapped_relative_to_upstream	true	current_candidate_confirmed_after_exhaustive_screen	sequence_reconciliation_confirmed	primary_claim_supported_with_minor_flags	primary_claim_supported_with_minor_flags	fgfr2_ortholog_high_confidence	fgfr2_high_confidence_multi_vertebrate	synteny_strong	synteny_strong	0.9	full_length_msa_pass	0.2382	within_expected_range		msa_pass		robust_boundary	same_native_coordinate	split_x2	protein_integrity_pass	ready_for_interpro_with_minor_flags
canis_lupus_familiaris	Canis lupus familiaris	Other mammals	IIIb	IIIb	IIIb	IIIb	IIIb	IIIb	NP_001003336.1	NP_001003336.1		707	63f12e46ca1164bd46d67d6097f7caf47751d47749b20bdb2a39f6ab9a828b82	unresolved_no_sequence	true	rescued_with_external_validated_candidate	external_refseq_sequence_validated	primary_claim_supported_with_minor_flags	primary_claim_supported_with_minor_flags	fgfr2_ortholog_high_confidence	fgfr2_high_confidence_multi_vertebrate	synteny_strong	synteny_strong	0.9	full_length_msa_pass	0.2382	within_expected_range		msa_pass		supported_boundary_with_minor_flags	same_native_coordinate	unknown_x2:phase_not_propagated_from_source	protein_integrity_pass	ready_for_interpro_with_minor_flags
canis_lupus_familiaris	Canis lupus familiaris	Other mammals	IIIc	IIIc	IIIc	IIIc	unresolved	IIIc	ENSCAFT00845034795	ENSCAFP00845027252		705	afb6b64f23991bf5fb5c7ea2cc7f58b3b21c4a8bb43dcf9bf393919005b18124	unresolved_no_sequence	true	sequence_support_only_keep_supplement	unresolved_kept_provenance	excluded_from_primary_claim	supplement_review	fgfr2_ortholog_supported_with_warnings	fgfr2_high_confidence_multi_vertebrate	synteny_strong	synteny_strong	0.9	full_length_msa_pass	0.2382	within_expected_range		msa_pass		supported_boundary_with_minor_flags	same_native_coordinate	unknown_x2:phase_not_propagated_from_source	protein_integrity_pass	supplement_review_only	no source-compatible validated candidate; sequence support only	no source-compatible validated candidate; sequence support only
felis_catus	Felis catus	Other mammals	IIIb	IIIc	IIIc	IIIc	IIIb	IIIb	XM_045040759.1	XP_044896694.1		841	178f823cbb1b99f19b6981392e9c73a890e641beddf9fddebfa0253aba9ed4b5	swapped_relative_to_upstream	true	current_candidate_confirmed_after_exhaustive_screen	sequence_reconciliation_confirmed	primary_claim_supported_with_minor_flags	primary_claim_supported_with_minor_flags	fgfr2_ortholog_high_confidence	fgfr2_high_confidence_multi_vertebrate	synteny_strong	synteny_strong	0.9	full_length_msa_pass	0.2382	within_expected_range		msa_pass		robust_boundary	same_native_coordinate	split_x2	protein_integrity_pass	ready_for_interpro_with_minor_flags
felis_catus	Felis catus	Other mammals	IIIc	IIIb	IIIb	IIIb	IIIc	IIIc	XM_045040760.1	XP_044896695.1		840	0e93c2ab13f42a2db8e7c2fad005ef5afa5636178bab45ed360698df82d486ca	swapped_relative_to_upstream	true	current_candidate_confirmed_after_exhaustive_screen	sequence_reconciliation_confirmed	primary_claim_supported_with_minor_flags	primary_claim_supported_with_minor_flags	fgfr2_ortholog_high_confidence	fgfr2_high_confidence_multi_vertebrate	synteny_strong	synteny_strong	0.9	full_length_msa_pass	0.2382	within_expected_range		msa_pass		robust_boundary	same_native_coordinate	split_x2	protein_integrity_pass	ready_for_interpro_with_minor_flags
equus_caballus	Equus caballus	Other mammals	IIIb	IIIc	IIIc	IIIc	IIIb	IIIb	XM_014732943.3	XP_014588429.1		887	431975e47c5f9efbaf5ec3cce288f86b80383180163cab1fe588b7b56fad8e9c	swapped_relative_to_upstream	true	current_candidate_confirmed_after_exhaustive_screen	sequence_reconciliation_confirmed	primary_claim_supported_with_minor_flags	primary_claim_supported_with_minor_flags	fgfr2_ortholog_high_confidence	fgfr2_high_confidence_multi_vertebrate	synteny_strong	synteny_strong	0.95	full_length_msa_pass	0.2382	within_expected_range		msa_pass		robust_boundary	same_native_coordinate	split_x2	protein_integrity_pass	ready_for_interpro_with_minor_flags
equus_caballus	Equus caballus	Other mammals	IIIc	IIIb	IIIb	IIIb	IIIc	IIIc	XM_014732944.3	XP_014588430.1		886	cb5c7f39d1f6dfe56ae6134fc683cc477185b7be320b7f2767c0a2fc6888920d	swapped_relative_to_upstream	true	current_candidate_confirmed_after_exhaustive_screen	sequence_reconciliation_confirmed	primary_claim_supported_with_minor_flags	primary_claim_supported_with_minor_flags	fgfr2_ortholog_high_confidence	fgfr2_high_confidence_multi_vertebrate	synteny_strong	synteny_strong	0.95	full_length_msa_pass	0.2382	within_expected_range		msa_pass		robust_boundary	same_native_coordinate	split_x2	protein_integrity_pass	ready_for_interpro_with_minor_flags
sus_scrofa	Sus scrofa	Other mammals	IIIb	IIIc	IIIc	IIIc	IIIb	IIIb	XM_084993068.1	XP_084849194.1		841	ea433110604138eb714bbd571c85df62077942d106e7bda0d23e88aa1ffd8ab8	swapped_relative_to_upstream	true	current_candidate_confirmed_after_exhaustive_screen	sequence_reconciliation_confirmed	primary_claim_supported_with_minor_flags	primary_claim_supported_with_minor_flags	fgfr2_ortholog_high_confidence	fgfr2_high_confidence_multi_vertebrate	synteny_strong	synteny_strong	1.0	full_length_msa_pass	0.2382	within_expected_range		msa_pass		robust_boundary	same_native_coordinate	split_x2	protein_integrity_pass	ready_for_interpro_with_minor_flags
sus_scrofa	Sus scrofa	Other mammals	IIIc	IIIb	IIIb	IIIb	IIIc	IIIc	XM_084993071.1	XP_084849197.1		840	1ec8bb4e6e5c629aba2016838dff936e67d25f6de10e360cdcdebe8a418a23bd	swapped_relative_to_upstream	true	current_candidate_confirmed_after_exhaustive_screen	sequence_reconciliation_confirmed	primary_claim_supported_with_minor_flags	primary_claim_supported_with_minor_flags	fgfr2_ortholog_high_confidence	fgfr2_high_confidence_multi_vertebrate	synteny_strong	synteny_strong	1.0	full_length_msa_pass	0.2382	within_expected_range		msa_pass		robust_boundary	same_native_coordinate	split_x2	protein_integrity_pass	ready_for_interpro_with_minor_flags
bos_taurus	Bos taurus	Other mammals	IIIb	IIIc	IIIc	IIIc	IIIb	IIIb	XM_059881740.1	XP_059737723.1		841	69f9c01ffeece2671c747d0ac018d139608bc3ac9679e21171dacbc7e92eaf6e	swapped_relative_to_upstream	true	current_candidate_confirmed_after_exhaustive_screen	sequence_reconciliation_confirmed	primary_claim_supported_with_minor_flags	primary_claim_supported_with_minor_flags	fgfr2_ortholog_high_confidence	fgfr2_high_confidence_multi_vertebrate	synteny_strong	synteny_strong	0.95	full_length_msa_pass	0.2382	within_expected_range		msa_pass		robust_boundary	same_native_coordinate	split_x2	protein_integrity_pass	ready_for_interpro_with_minor_flags
bos_taurus	Bos taurus	Other mammals	IIIc	IIIb	IIIb	IIIb	IIIc	IIIc	XM_059881741.1	XP_059737724.1		840	d44c259aaab572e348816750cde7d563e2ef3fff1986fd72f198dbe1f1689274	swapped_relative_to_upstream	true	current_candidate_confirmed_after_exhaustive_screen	sequence_reconciliation_confirmed	primary_claim_supported_with_minor_flags	primary_claim_supported_with_minor_flags	fgfr2_ortholog_high_confidence	fgfr2_high_confidence_multi_vertebrate	synteny_strong	synteny_strong	0.95	full_length_msa_pass	0.2382	within_expected_range		msa_pass		robust_boundary	same_native_coordinate	split_x2	protein_integrity_pass	ready_for_interpro_with_minor_flags
ovis_aries	Ovis aries	Other mammals	IIIb	IIIc	IIIc	IIIc	IIIb	IIIb	XM_060404505.1	XP_060260488.1		841	69f9c01ffeece2671c747d0ac018d139608bc3ac9679e21171dacbc7e92eaf6e	swapped_relative_to_upstream	true	current_candidate_confirmed_after_exhaustive_screen	sequence_reconciliation_confirmed	primary_claim_supported_with_minor_flags	primary_claim_supported_with_minor_flags	fgfr2_ortholog_high_confidence	fgfr2_high_confidence_multi_vertebrate	synteny_strong	synteny_strong	0.9	full_length_msa_pass	0.2382	within_expected_range		msa_pass		robust_boundary	same_native_coordinate	split_x2	protein_integrity_pass	ready_for_interpro_with_minor_flags
ovis_aries	Ovis aries	Other mammals	IIIc	IIIb	IIIb	IIIb	IIIc	IIIc	XM_060404507.1	XP_060260490.1		840	d44c259aaab572e348816750cde7d563e2ef3fff1986fd72f198dbe1f1689274	swapped_relative_to_upstream	true	current_candidate_confirmed_after_exhaustive_screen	sequence_reconciliation_confirmed	primary_claim_supported_with_minor_flags	primary_claim_supported_with_minor_flags	fgfr2_ortholog_high_confidence	fgfr2_high_confidence_multi_vertebrate	synteny_strong	synteny_strong	0.9	full_length_msa_pass	0.2382	within_expected_range		msa_pass		robust_boundary	same_native_coordinate	split_x2	protein_integrity_pass	ready_for_interpro_with_minor_flags
monodelphis_domestica	Monodelphis domestica	Other mammals	IIIb	IIIc	IIIc	IIIc	IIIb	IIIb	XM_056803261.1	XP_056659239.1		840	04560688aa9794625f47203f818b275d2474db5153d9b72c2468d3bc0afa7592	swapped_relative_to_upstream	true	current_candidate_confirmed_after_exhaustive_screen	sequence_reconciliation_confirmed	primary_claim_supported_with_minor_flags	primary_claim_supported_with_minor_flags	fgfr2_ortholog_high_confidence	fgfr2_high_confidence_multi_vertebrate	synteny_supported_with_minor_rearrangement	synteny_supported_with_minor_rearrangement	0.75	full_length_msa_pass	0.2382	within_expected_range		msa_pass		robust_boundary	same_native_coordinate	split_x2	protein_integrity_pass	ready_for_interpro_with_minor_flags
monodelphis_domestica	Monodelphis domestica	Other mammals	IIIc	IIIb	IIIb	IIIb	IIIc	IIIc	XM_056803264.1	XP_056659242.1		839	ec12b37d12f14cf27154b875d1bd70aa5d9eb3e90cb9dd119e12f3e10c786309	swapped_relative_to_upstream	true	current_candidate_confirmed_after_exhaustive_screen	sequence_reconciliation_confirmed	primary_claim_supported_with_minor_flags	primary_claim_supported_with_minor_flags	fgfr2_ortholog_high_confidence	fgfr2_high_confidence_multi_vertebrate	synteny_supported_with_minor_rearrangement	synteny_supported_with_minor_rearrangement	0.75	full_length_msa_pass	0.2382	within_expected_range		msa_pass		robust_boundary	same_native_coordinate	split_x2	protein_integrity_pass	ready_for_interpro_with_minor_flags
ornithorhynchus_anatinus	Ornithorhynchus anatinus	Other mammals	IIIb	IIIc	IIIc	IIIc	IIIb	IIIb	XM_029080810.2	XP_028936643.1		840	06faca5cd7d9a4d1f6f84ae157dcf13afede4573f9b243a05b3a8a68d5266a4b	swapped_relative_to_upstream	true	current_candidate_confirmed_after_exhaustive_screen	sequence_reconciliation_confirmed	primary_claim_supported_with_minor_flags	primary_claim_supported_with_minor_flags	fgfr2_ortholog_high_confidence	fgfr2_high_confidence_multi_vertebrate	synteny_supported_with_minor_rearrangement	synteny_supported_with_minor_rearrangement	0.8	full_length_msa_pass	0.2382	within_expected_range		msa_pass		robust_boundary	same_native_coordinate	split_x2	protein_integrity_pass	ready_for_interpro_with_minor_flags
ornithorhynchus_anatinus	Ornithorhynchus anatinus	Other mammals	IIIc	IIIb	IIIb	IIIb	IIIc	IIIc	XM_029080811.2	XP_028936644.1		839	da71692667389b96e5936ea8d6cd353a9d79b8f9263158f03a0ccc68ff6d596d	swapped_relative_to_upstream	true	current_candidate_confirmed_after_exhaustive_screen	sequence_reconciliation_confirmed	primary_claim_supported_with_minor_flags	primary_claim_supported_with_minor_flags	fgfr2_ortholog_high_confidence	fgfr2_high_confidence_multi_vertebrate	synteny_supported_with_minor_rearrangement	synteny_supported_with_minor_rearrangement	0.8	full_length_msa_pass	0.2382	within_expected_range		msa_pass		robust_boundary	same_native_coordinate	split_x2	protein_integrity_pass	ready_for_interpro_with_minor_flags
gallus_gallus	Gallus gallus	Birds	IIIb	IIIc	IIIc	IIIc	IIIb	IIIb	XM_046942740.1	XP_046798696.1		843	19b8d35c9d3049b9d9b0e08946991871f25690b4fff4d1c4554035e87afce905	swapped_relative_to_upstream	true	current_candidate_confirmed_after_exhaustive_screen	sequence_reconciliation_confirmed	primary_claim_supported_with_minor_flags	primary_claim_supported_with_minor_flags	fgfr2_ortholog_high_confidence	fgfr2_high_confidence_multi_vertebrate	synteny_strong	synteny_strong	0.8	full_length_msa_pass	0.2382	within_expected_range		msa_pass		robust_boundary	same_native_coordinate	split_x2	protein_integrity_pass	ready_for_interpro_with_minor_flags
gallus_gallus	Gallus gallus	Birds	IIIc	IIIb	IIIb	IIIb	IIIc	IIIc	NM_205319.4	NP_990650.2		842	a0cfdf3b8b4614a3ab43ffdb666c4bad877c1798d2606c83841d9ffe85c778f0	swapped_relative_to_upstream	true	current_candidate_confirmed_after_exhaustive_screen	sequence_reconciliation_confirmed	primary_claim_supported_with_minor_flags	primary_claim_supported_with_minor_flags	fgfr2_ortholog_high_confidence	fgfr2_high_confidence_multi_vertebrate	synteny_strong	synteny_strong	0.8	full_length_msa_pass	0.2382	within_expected_range		msa_pass		robust_boundary	same_native_coordinate	split_x2	protein_integrity_pass	ready_for_interpro_with_minor_flags
meleagris_gallopavo	Meleagris gallopavo	Birds	IIIb	IIIc	IIIc	IIIc	IIIb	IIIb	ENSMGAT00000037037	ENSMGAP00000031353		631	872b9313a0bcb3f007e4711bf942b87c0d838ec6d2e8bba7421bcfa93f700940	swapped_relative_to_upstream	true	current_candidate_confirmed_after_exhaustive_screen	sequence_reconciliation_confirmed	primary_claim_supported_with_minor_flags	primary_claim_supported_with_minor_flags	fgfr2_ortholog_high_confidence	fgfr2_high_confidence_multi_vertebrate	synteny_partial_blast_supported	synteny_partial_blast_supported	0.6	full_length_msa_pass	0.2382	within_expected_range		msa_pass		robust_boundary	moderate_native_offset_review	unknown_x2:phase_not_propagated_from_source	protein_integrity_pass	ready_for_interpro_with_minor_flags
meleagris_gallopavo	Meleagris gallopavo	Birds	IIIc	IIIb	IIIb	IIIb	IIIc	IIIc	ENSMGAT00000021846	ENSMGAP00000031571		627	08932004d8c9c125742f22c774b4a295f36cc56fa6954d05d605a6c2e8d44fa6	swapped_relative_to_upstream	true	current_candidate_confirmed_after_exhaustive_screen	sequence_reconciliation_confirmed	primary_claim_supported_with_minor_flags	primary_claim_supported_with_minor_flags	fgfr2_ortholog_high_confidence	fgfr2_high_confidence_multi_vertebrate	synteny_partial_blast_supported	synteny_partial_blast_supported	0.6	full_length_msa_pass	0.2382	within_expected_range		msa_pass		robust_boundary	moderate_native_offset_review	unknown_x2:phase_not_propagated_from_source	protein_integrity_pass	ready_for_interpro_with_minor_flags
taeniopygia_guttata	Taeniopygia guttata	Birds	IIIb	IIIc	IIIc	IIIc	IIIb	IIIb	XM_072931307.1	XP_072787408.1		891	fc67a737678212b0644f996de6482e5ec66213ad6fa176383e52bd87b6aaf0e6	swapped_relative_to_upstream	true	current_candidate_confirmed_after_exhaustive_screen	sequence_reconciliation_confirmed	primary_claim_supported_with_minor_flags	primary_claim_supported_with_minor_flags	fgfr2_ortholog_high_confidence	fgfr2_high_confidence_multi_vertebrate	synteny_strong	synteny_strong	0.85	full_length_msa_pass	0.2382	within_expected_range		msa_pass		robust_boundary	same_native_coordinate	split_x2	protein_integrity_pass	ready_for_interpro_with_minor_flags
taeniopygia_guttata	Taeniopygia guttata	Birds	IIIc	IIIb	IIIb	IIIb	IIIc	IIIc	XM_072931308.1	XP_072787409.1		890	aa44dda24a941ca48c94079c8728cf5aef284f80b28238fa3443b9dd807b657b	swapped_relative_to_upstream	true	current_candidate_confirmed_after_exhaustive_screen	sequence_reconciliation_confirmed	primary_claim_supported_with_minor_flags	primary_claim_supported_with_minor_flags	fgfr2_ortholog_high_confidence	fgfr2_high_confidence_multi_vertebrate	synteny_strong	synteny_strong	0.85	full_length_msa_pass	0.2382	within_expected_range		msa_pass		robust_boundary	same_native_coordinate	split_x2	protein_integrity_pass	ready_for_interpro_with_minor_flags
alligator_mississippiensis	Alligator mississippiensis	Reptiles	IIIb	IIIc	IIIc	IIIc	IIIb	IIIb	XM_059730070.1	XP_059586053.1		869	87317467e83bfc6c18bb93a5319a06f2466d8c6b104021702ab12c7e24148ee0	swapped_relative_to_upstream	true	current_candidate_confirmed_after_exhaustive_screen	sequence_reconciliation_confirmed	primary_claim_supported_with_minor_flags	primary_claim_supported_with_minor_flags	fgfr2_ortholog_high_confidence	fgfr2_high_confidence_multi_vertebrate	synteny_supported_with_minor_rearrangement	synteny_supported_with_minor_rearrangement	0.75	full_length_msa_pass	0.2382	within_expected_range		msa_pass		robust_boundary	same_native_coordinate	split_x2	protein_integrity_pass	ready_for_interpro_with_minor_flags
alligator_mississippiensis	Alligator mississippiensis	Reptiles	IIIc	IIIb	IIIb	IIIb	IIIc	IIIc	XM_006266126.4	XP_006266188.1		868	9a4f59650e472e63bc07abaaf107fe480db6de799bd98573c25222405d24c7ca	swapped_relative_to_upstream	true	current_candidate_confirmed_after_exhaustive_screen	sequence_reconciliation_confirmed	primary_claim_supported_with_minor_flags	primary_claim_supported_with_minor_flags	fgfr2_ortholog_high_confidence	fgfr2_high_confidence_multi_vertebrate	synteny_supported_with_minor_rearrangement	synteny_supported_with_minor_rearrangement	0.75	full_length_msa_pass	0.2382	within_expected_range		msa_pass		robust_boundary	same_native_coordinate	split_x2	protein_integrity_pass	ready_for_interpro_with_minor_flags
chrysemys_picta_bellii	Chrysemys picta bellii	Reptiles	IIIb	IIIc	IIIc	IIIc	IIIb	IIIb	XM_024109913.3	XP_023965681.1		838	d42beb1259cedb83af054395be75c66551a299b0b72aa37e62238e1656e7eed9	swapped_relative_to_upstream	true	current_candidate_confirmed_after_exhaustive_screen	sequence_reconciliation_confirmed	primary_claim_supported_with_minor_flags	primary_claim_supported_with_minor_flags	fgfr2_ortholog_high_confidence	fgfr2_high_confidence_multi_vertebrate	synteny_supported_with_minor_rearrangement	synteny_supported_with_minor_rearrangement	0.8	full_length_msa_pass	0.2382	within_expected_range		msa_pass		robust_boundary	same_native_coordinate	split_x2	protein_integrity_pass	ready_for_interpro_with_minor_flags
chrysemys_picta_bellii	Chrysemys picta bellii	Reptiles	IIIc	IIIb	IIIb	IIIb	IIIc	IIIc	XM_065552341.1	XP_065408413.1		840	a8bcdb929851c4d83503c0bca623c4c8f241cda6630fb1047c23e9be8ab2a72c	swapped_relative_to_upstream	true	current_candidate_confirmed_after_exhaustive_screen	sequence_reconciliation_confirmed	primary_claim_supported_with_minor_flags	primary_claim_supported_with_minor_flags	fgfr2_ortholog_high_confidence	fgfr2_high_confidence_multi_vertebrate	synteny_supported_with_minor_rearrangement	synteny_supported_with_minor_rearrangement	0.8	full_length_msa_pass	0.2382	within_expected_range		msa_pass		robust_boundary	same_native_coordinate	split_x2	protein_integrity_pass	ready_for_interpro_with_minor_flags
anolis_carolinensis	Anolis carolinensis	Reptiles	IIIb	IIIc	IIIc	IIIc	IIIb	IIIb	XM_062976012.1	XP_062832082.1		873	cbb68240c41b1444c00960dc9487949349687e36ee0ebfdc0d0f9d90dc5d4449	swapped_relative_to_upstream	true	current_candidate_confirmed_after_exhaustive_screen	sequence_reconciliation_confirmed	primary_claim_supported_with_minor_flags	primary_claim_supported_with_minor_flags	fgfr2_ortholog_high_confidence	fgfr2_high_confidence_multi_vertebrate	synteny_strong	synteny_strong	0.85	full_length_msa_pass	0.2382	within_expected_range		msa_pass		robust_boundary	same_native_coordinate	split_x2	protein_integrity_pass	ready_for_interpro_with_minor_flags
anolis_carolinensis	Anolis carolinensis	Reptiles	IIIc	IIIb	IIIb	IIIb	IIIc	IIIc	XM_062976011.1	XP_062832081.1		873	faeeef522f5c2ff362c5105304868714a9ac50811d36f15c4b48730a7d080c89	swapped_relative_to_upstream	true	current_candidate_confirmed_after_exhaustive_screen	sequence_reconciliation_confirmed	primary_claim_supported_with_minor_flags	primary_claim_supported_with_minor_flags	fgfr2_ortholog_high_confidence	fgfr2_high_confidence_multi_vertebrate	synteny_strong	synteny_strong	0.85	full_length_msa_pass	0.2382	within_expected_range		msa_pass		robust_boundary	same_native_coordinate	split_x2	protein_integrity_pass	ready_for_interpro_with_minor_flags
ambystoma_mexicanum	Ambystoma mexicanum	Amphibians	IIIb	IIIc	IIIc	IIIc	IIIb	IIIb	XM_069611953.1	XP_069468054.1		840	407c73c8cb88b3817924c05ce0b92b7a0d6f3dcd70d71bbe9faf87c3990f8b8e	swapped_relative_to_upstream	true	current_candidate_confirmed_after_exhaustive_screen	sequence_reconciliation_confirmed	primary_claim_supported_with_minor_flags	primary_claim_supported_with_minor_flags	fgfr2_ortholog_high_confidence	fgfr2_high_confidence_multi_vertebrate	synteny_partial_blast_supported	synteny_partial_blast_supported	0.6	full_length_msa_pass	0.2382	within_expected_range		msa_pass		robust_boundary	same_native_coordinate	split_x2	protein_integrity_pass	ready_for_interpro_with_minor_flags
ambystoma_mexicanum	Ambystoma mexicanum	Amphibians	IIIc	IIIb	IIIb	IIIb	IIIc	IIIc	XM_069611955.1	XP_069468056.1		838	0704ede7334a0651d4528892f08f11936711d4431e0f3a32569ff85d0bc538c5	swapped_relative_to_upstream	true	current_candidate_confirmed_after_exhaustive_screen	sequence_reconciliation_confirmed	primary_claim_supported_with_minor_flags	primary_claim_supported_with_minor_flags	fgfr2_ortholog_high_confidence	fgfr2_high_confidence_multi_vertebrate	synteny_partial_blast_supported	synteny_partial_blast_supported	0.6	full_length_msa_pass	0.2382	within_expected_range		msa_pass		robust_boundary	same_native_coordinate	split_x2	protein_integrity_pass	ready_for_interpro_with_minor_flags
xenopus_tropicalis	Xenopus tropicalis	Amphibians	IIIb	IIIc	IIIc	IIIc	IIIb	IIIb	ENSXETT00000078335	ENSXETP00000087394		832	a90a08948f5e29fb4129d422c3eee6c4a0a7b0a91f376aa06ce3cea84c95bbaf	swapped_relative_to_upstream	true	current_candidate_confirmed_after_exhaustive_screen	sequence_reconciliation_confirmed	primary_claim_supported_with_minor_flags	primary_claim_supported_with_minor_flags	fgfr2_ortholog_high_confidence	fgfr2_high_confidence_multi_vertebrate	synteny_supported_with_minor_rearrangement	synteny_supported_with_minor_rearrangement	0.8	full_length_msa_pass_with_minor_flags	0.2382	long_outlier_review	long_outlier_review	msa_pass		robust_boundary	major_native_offset_review	unknown_x2:phase_not_propagated_from_source	protein_length_outlier_review	ready_for_interpro_with_minor_flags	long_outlier_review
xenopus_tropicalis	Xenopus tropicalis	Amphibians	IIIc	IIIb	IIIb	IIIb	IIIc	IIIc	ENSXETT00000071733	ENSXETP00000069725		910	05a979e0968c434a37ec2ea3fb312ca0b2f6a90987a73853a28d74f1221ac24f	swapped_relative_to_upstream	true	current_candidate_confirmed_after_exhaustive_screen	sequence_reconciliation_confirmed	primary_claim_supported_with_minor_flags	primary_claim_supported_with_minor_flags	fgfr2_ortholog_high_confidence	fgfr2_high_confidence_multi_vertebrate	synteny_supported_with_minor_rearrangement	synteny_supported_with_minor_rearrangement	0.8	full_length_msa_pass	0.2382	within_expected_range		msa_pass		robust_boundary	major_native_offset_review	unknown_x2:phase_not_propagated_from_source	protein_integrity_pass	ready_for_interpro_with_minor_flags
danio_rerio	Danio rerio	Teleost fish	IIIb	IIIc	IIIc	IIIc	IIIb	IIIb	XM_068224938.2	XP_068081039.1		838	db9a242748bc8a719e29a21ff5fb2243b854b05c8cadb841b2e8627627782e5e	swapped_relative_to_upstream	true	current_candidate_confirmed_after_exhaustive_screen	sequence_reconciliation_confirmed	primary_claim_supported_with_minor_flags	primary_claim_supported_with_minor_flags	fgfr2_ortholog_high_confidence	fgfr2_high_confidence_multi_vertebrate	synteny_partial_blast_supported	synteny_partial_blast_supported	0.8	full_length_msa_pass	0.2382	within_expected_range		msa_pass		supported_boundary_with_minor_flags	same_native_coordinate	split_x2	protein_integrity_pass	ready_for_interpro_with_minor_flags
danio_rerio	Danio rerio	Teleost fish	IIIc	IIIb	IIIb	IIIb	IIIc	IIIc	XM_068224937.2	XP_068081038.1		840	8d4a6ec0e58930c77507b47f83c9192130bf06a505f1edf78b49e5cd0d86592e	swapped_relative_to_upstream	true	current_candidate_confirmed_after_exhaustive_screen	sequence_reconciliation_confirmed	primary_claim_supported_with_minor_flags	primary_claim_supported_with_minor_flags	fgfr2_ortholog_supported_with_warnings	fgfr2_high_confidence_multi_vertebrate	synteny_partial_blast_supported	synteny_partial_blast_supported	0.8	full_length_msa_pass	0.2382	within_expected_range		msa_pass		supported_boundary_with_minor_flags	same_native_coordinate	split_x2	protein_integrity_pass	ready_for_interpro_with_minor_flags
oryzias_latipes	Oryzias latipes	Teleost fish	IIIb	IIIc	IIIc	IIIc	IIIb	IIIb	XM_011484753.4	XP_011483055.1		830	f796a584689a605d3063c07a122530b9c02d87a139ff18b2c94d1e67c97da5d1	swapped_relative_to_upstream	true	current_candidate_confirmed_after_exhaustive_screen	sequence_reconciliation_confirmed	primary_claim_supported_with_minor_flags	primary_claim_supported_with_minor_flags	fgfr2_ortholog_high_confidence	fgfr2_high_confidence_multi_vertebrate	synteny_partial_blast_supported	synteny_partial_blast_supported	0.65	full_length_msa_pass	0.2382	within_expected_range		msa_pass		supported_boundary_with_minor_flags	same_native_coordinate	split_x2	protein_integrity_pass	ready_for_interpro_with_minor_flags
oryzias_latipes	Oryzias latipes	Teleost fish	IIIc	IIIb	IIIb	IIIb	IIIc	IIIc	XM_078931618.1	XP_078787744.1		832	1de79702aec47475f07e6d6f2ec86318a42b0bf11c6f81aa1f26f7df0056851f	swapped_relative_to_upstream	true	current_candidate_confirmed_after_exhaustive_screen	sequence_reconciliation_confirmed	primary_claim_supported_with_minor_flags	primary_claim_supported_with_minor_flags	fgfr2_ortholog_supported_with_warnings	fgfr2_high_confidence_multi_vertebrate	synteny_partial_blast_supported	synteny_partial_blast_supported	0.65	full_length_msa_pass	0.2382	within_expected_range		msa_pass		supported_boundary_with_minor_flags	same_native_coordinate	split_x2	protein_integrity_pass	ready_for_interpro_with_minor_flags
gasterosteus_aculeatus	Gasterosteus aculeatus	Teleost fish	IIIb	IIIc	IIIc	IIIc	IIIb	IIIb	ENSGACT00000078064	ENSGACP00000047216		915	3357d2be00b4a6dae4126158642e99f92c99ad9d0735f37c3615258cf00d4a97	swapped_relative_to_upstream	true	current_candidate_confirmed_after_exhaustive_screen	sequence_reconciliation_confirmed	primary_claim_supported_with_minor_flags	primary_claim_supported_with_minor_flags	fgfr2_ortholog_high_confidence	fgfr2_high_confidence_multi_vertebrate	synteny_partial_blast_supported	synteny_partial_blast_supported	0.8	full_length_msa_pass_with_minor_flags	0.2382	long_outlier_review	long_outlier_review	msa_pass		supported_boundary_with_minor_flags	major_native_offset_review	unknown_x2:phase_not_propagated_from_source	protein_length_outlier_review	ready_for_interpro_with_minor_flags	long_outlier_review
gasterosteus_aculeatus	Gasterosteus aculeatus	Teleost fish	IIIc	IIIb	IIIb	IIIb	IIIc	IIIc	ENSGACT00000067656	ENSGACP00000061458		917	cf25b54b0a2e8e7a9e991060f344ac08a13abda72670259382052baa79f33e78	swapped_relative_to_upstream	true	current_candidate_confirmed_after_exhaustive_screen	sequence_reconciliation_confirmed	primary_claim_supported_with_minor_flags	primary_claim_supported_with_minor_flags	fgfr2_ortholog_high_confidence	fgfr2_high_confidence_multi_vertebrate	synteny_partial_blast_supported	synteny_partial_blast_supported	0.8	full_length_msa_pass_with_minor_flags	0.2382	long_outlier_review	long_outlier_review	msa_pass		supported_boundary_with_minor_flags	major_native_offset_review	unknown_x2:phase_not_propagated_from_source	protein_length_outlier_review	ready_for_interpro_with_minor_flags	long_outlier_review
oreochromis_niloticus	Oreochromis niloticus	Teleost fish	IIIb	IIIc	IIIc	IIIc	IIIb	IIIb	ENSONIT00000055812	ENSONIP00000060910		865	eda750ad950d42e21dbc78f3ef72f8b73e74cb160f30b9fbb2b9565a1b9f8529	swapped_relative_to_upstream	true	current_candidate_confirmed_after_exhaustive_screen	sequence_reconciliation_confirmed	primary_claim_supported_with_minor_flags	primary_claim_supported_with_minor_flags	fgfr2_ortholog_high_confidence	fgfr2_high_confidence_multi_vertebrate	synteny_partial_blast_supported	synteny_partial_blast_supported	0.75	full_length_msa_pass	0.2382	within_expected_range		msa_pass		supported_boundary_with_minor_flags	moderate_native_offset_review	unknown_x2:phase_not_propagated_from_source	protein_integrity_pass	ready_for_interpro_with_minor_flags
oreochromis_niloticus	Oreochromis niloticus	Teleost fish	IIIc	IIIb	IIIb	IIIb	IIIc	IIIc	ENSONIT00000047381	ENSONIP00000063320		812	9a855549a7efda6c65842aff9ecb0978bfe7a8e8c324f296bf67159fab4f707f	swapped_relative_to_upstream	true	current_candidate_confirmed_after_exhaustive_screen	sequence_reconciliation_confirmed	primary_claim_supported_with_minor_flags	primary_claim_supported_with_minor_flags	fgfr2_ortholog_supported_with_warnings	fgfr2_high_confidence_multi_vertebrate	synteny_partial_blast_supported	synteny_partial_blast_supported	0.75	full_length_msa_pass	0.2382	within_expected_range		msa_pass		supported_boundary_with_minor_flags	moderate_native_offset_review	unknown_x2:phase_not_propagated_from_source	protein_integrity_pass	ready_for_interpro_with_minor_flags
takifugu_rubripes	Takifugu rubripes	Teleost fish	IIIb	IIIc	IIIc	IIIc	IIIb	IIIb	ENSTRUT00000045298	ENSTRUP00000045146		836	959b63b857303d5b1960849b37c8a8870edcb5656a1f217ba73a5a4b3c83f378	swapped_relative_to_upstream	true	current_candidate_confirmed_after_exhaustive_screen	sequence_reconciliation_confirmed	primary_claim_supported_with_minor_flags	primary_claim_supported_with_minor_flags	fgfr2_ortholog_high_confidence	fgfr2_high_confidence_multi_vertebrate	synteny_partial_blast_supported	synteny_partial_blast_supported	0.7	full_length_msa_pass	0.2382	within_expected_range		msa_pass		robust_boundary	moderate_native_offset_review	unknown_x2:phase_not_propagated_from_source	protein_integrity_pass	ready_for_interpro_with_minor_flags
takifugu_rubripes	Takifugu rubripes	Teleost fish	IIIc	IIIb	IIIb	IIIb	IIIc	IIIc	ENSTRUT00000045297	ENSTRUP00000045145		838	434b88c7a21e78355c99543af55b5a9637dd0d9211301a3bb3f61b3dcb59a88d	swapped_relative_to_upstream	true	current_candidate_confirmed_after_exhaustive_screen	sequence_reconciliation_confirmed	primary_claim_supported_with_minor_flags	primary_claim_supported_with_minor_flags	fgfr2_ortholog_high_confidence	fgfr2_high_confidence_multi_vertebrate	synteny_partial_blast_supported	synteny_partial_blast_supported	0.7	full_length_msa_pass	0.2382	within_expected_range		msa_pass		robust_boundary	moderate_native_offset_review	unknown_x2:phase_not_propagated_from_source	protein_integrity_pass	ready_for_interpro_with_minor_flags
