alignment_column_1based	IIIb_major_aa_jsd	IIIc_major_aa_jsd	IIIb_major_fraction_weighted	IIIc_major_fraction_weighted	IIIb_entropy_bits	IIIc_entropy_bits	IIIb_gap_fraction_weighted	IIIc_gap_fraction_weighted	weighted_jsd_bits	isoform_discrimination_index	paired_permutation_p	bh_fdr_q	significant_fdr	human_reference_residue_index	combined_alignment_col	alignment_col	human_IIIb_aa	human_IIIc_aa	human_IIIb_aa_if_available	human_IIIc_aa_if_available	IIIb_major_aa_evidence	IIIc_major_aa_evidence	IIIb_major_aa_fraction	IIIc_major_aa_fraction	IIIb_gap_fraction	IIIc_gap_fraction	between_isoform_difference	discriminating_score	position_class	informative_column	gap_rich_excluded_from_main_plot	position_warning	criterion_different_major_residues	recomputed_discriminating_score	criterion_score	criterion_informative	criterion_not_gap_rich	selected_for_structure
1	H	A	1.0	1.0	-0.0	-0.0	0.430657251594147	0.2586285366090777	1.0	0.569342748405853	9.999000099990002e-05	0.0002999700029997	True	1.0	1	1	H	A	H	A	H	A	1.0	1.0	0.25	0.2083	1	0.75	isoform_discriminating_conserved	True	False		True	0.75	True	True	True	True
2	S	A	1.0	1.0	-0.0	-0.0	2.220446049250313e-16	1.1102230246251563e-16	1.0	0.9999999999999998	9.999000099990002e-05	0.0002999700029997	True	2.0	2	2	S	A	S	A	S	A	1.0	1.0	0.0	0.0	1	1.0	isoform_discriminating_conserved	True	False		True	1.0	True	True	True	True
4	I	V	1.0	1.0	-0.0	-0.0	2.220446049250313e-16	1.1102230246251563e-16	1.0	0.9999999999999998	9.999000099990002e-05	0.0002999700029997	True	4.0	4	4	I	V	I	V	I	V	1.0	1.0	0.0	0.0	1	1.0	isoform_discriminating_conserved	True	False		True	1.0	True	True	True	True
6	S	T	1.0	0.8995466582889278	-0.0	0.4704310077941721	2.220446049250313e-16	1.1102230246251563e-16	1.0	0.8911525140016395	9.999000099990002e-05	0.0002999700029997	True	6.0	6	6	S	T	S	T	S	T	1.0	1.0	0.0	0.0	1	1.0	isoform_discriminating_conserved	True	False		True	1.0	True	True	True	True
7	S	T	1.0	1.0	-0.0	-0.0	2.220446049250313e-16	1.1102230246251563e-16	1.0	0.9999999999999998	9.999000099990002e-05	0.0002999700029997	True	7.0	7	7	S	T	S	T	S	T	1.0	1.0	0.0	0.0	1	1.0	isoform_discriminating_conserved	True	False		True	1.0	True	True	True	True
8	N	D	0.6549593699653634	1.0	1.151766215502799	-0.0	2.220446049250313e-16	1.1102230246251563e-16	0.5057929778344054	0.3710023818045084	9.999000099990002e-05	0.0002999700029997	True	8.0	8	8	N	D	N	D	N	D	0.8333	1.0	0.0	0.0	1	0.8333	isoform_discriminating_conserved	True	False		True	0.8333	True	True	True	True
9	-	K	0.0	0.8995466582889278	-0.0	0.4704310077941721	1.0	1.1102230246251563e-16	0.5	0.0	9.999000099990002e-05	0.0002999700029997	True	9.0	9	9		K		K		K	0.0	1.0	1.0	0.0	0	0.0	IIIc_specific_conserved	False	True		False	0.0	False	False	False	False
10	-	E	0.0	1.0	-0.0	-0.0	1.0	1.1102230246251563e-16	0.5	0.0	9.999000099990002e-05	0.0002999700029997	True	10.0	10	10		E		E		E	0.0	1.0	1.0	0.0	0	0.0	IIIc_specific_conserved	False	True		False	0.0	False	False	False	False
11	A	I	0.660417403948035	1.0	1.1320627667454433	-0.0	2.220446049250313e-16	1.1102230246251563e-16	1.0	0.7380653398457461	9.999000099990002e-05	0.0002999700029997	True	9.0	11	11	A	I	A	I	A	I	0.7917	1.0	0.0	0.0	1	0.7917	isoform_discriminating_conserved	True	False		True	0.7917	True	True	True	True
15	T	Y	0.4805177995783678	0.8977856204130833	1.681757303495739	0.4759759645753074	2.220446049250313e-16	1.1102230246251563e-16	1.0	0.5436017199851637	9.999000099990002e-05	0.0002999700029997	True	13.0	15	15	A	Y	A	Y	A	Y	0.5	0.9167	0.0	0.0	1	0.5	variable	True	False		True	0.5	False	True	True	False
16	L	I	1.0	0.6415812819354619	-0.0	1.290114449626093	2.220446049250313e-16	1.1102230246251563e-16	0.5924868714088962	0.4156269474960956	9.999000099990002e-05	0.0002999700029997	True	14.0	16	16	L	I	L	I	L	I	1.0	0.7917	0.0	0.0	1	0.7917	isoform_discriminating_conserved	True	False		True	0.7917	True	True	True	True
17	Y	R	0.3325505505251823	0.7413714633909222	1.792456209564511	0.9968314834199128	2.220446049250313e-16	1.1102230246251563e-16	1.0	0.4502762605929207	9.999000099990002e-05	0.0002999700029997	True	15.0	17	17	F	R	F	R	F	R	0.5	0.7917	0.0	0.0	1	0.5	variable	True	False		True	0.5	False	True	True	False
21	E	F	0.9382872531758056	0.9551253295751476	0.3342066945403594	0.2642123794652043	2.220446049250313e-16	1.1102230246251563e-16	0.947669708545812	0.8209342038126687	9.999000099990002e-05	0.0002999700029997	True	19.0	21	21	E	F	E	F	E	F	0.9583	0.9583	0.0	0.0	1	0.9583	isoform_discriminating_conserved	True	False		True	0.9583	True	True	True	True
22	A	E	0.4984014862871282	1.0	1.9487925025928972	-0.0	2.220446049250313e-16	1.1102230246251563e-16	0.5197450903547751	0.2853878051095537	9.999000099990002e-05	0.0002999700029997	True	20.0	22	22	A	E	A	E	A	E	0.6667	1.0	0.0	0.0	1	0.6667	variable	True	False		True	0.6667	False	True	True	False
28	I	T	0.8112378816270217	1.0	0.872562111698555	-0.0	2.220446049250313e-16	1.1102230246251563e-16	0.7161389931903277	0.5715563582068747	9.999000099990002e-05	0.0002999700029997	True	26.0	28	28	I	T	I	T	I	T	0.875	1.0	0.0	0.0	1	0.875	isoform_discriminating_conserved	True	False		True	0.875	True	True	True	True
30	K	L	0.9433833140357644	0.8995466582889278	0.3138653718917445	0.4704310077941721	2.220446049250313e-16	1.1102230246251563e-16	1.0	0.8264355846408151	9.999000099990002e-05	0.0002999700029997	True	28.0	30	30	K	L	K	L	K	L	1.0	1.0	0.0	0.0	1	1.0	isoform_discriminating_conserved	True	False		True	1.0	True	True	True	True
31	V	A	0.9367292572065218	1.0	0.3402939889940713	-0.0	2.220446049250313e-16	1.1102230246251563e-16	0.8269633868118653	0.7618510889040974	9.999000099990002e-05	0.0002999700029997	True	29.0	31	31	V	A	V	A	V	A	0.9583	1.0	0.0	0.0	1	0.9583	isoform_discriminating_conserved	True	False		True	0.9583	True	True	True	True
32	S	G	1.0	1.0	-0.0	-0.0	2.220446049250313e-16	1.1102230246251563e-16	1.0	0.9999999999999998	9.999000099990002e-05	0.0002999700029997	True	30.0	32	32	S	G	S	G	S	G	1.0	1.0	0.0	0.0	1	1.0	isoform_discriminating_conserved	True	False		True	1.0	True	True	True	True
46	Y	S	1.0	1.0	-0.0	-0.0	2.220446049250313e-16	1.1102230246251563e-16	1.0	0.9999999999999998	9.999000099990002e-05	0.0002999700029997	True	32.0	46	46	Y	S	Y	S	Y	S	1.0	1.0	0.0	0.0	1	1.0	isoform_discriminating_conserved	True	False		True	1.0	True	True	True	True
49	E	I	0.6721331465771473	1.0	0.912732085544606	-0.0	2.220446049250313e-16	1.1102230246251563e-16	1.0	0.7888136809531084	9.999000099990002e-05	0.0002999700029997	True	35.0	49	49	Q	I	Q	I	E	I	0.5	1.0	0.0	0.0	1	0.5	variable	True	False		True	0.5	False	True	True	False
50	A	S	0.9367292572065218	1.0	0.3402939889940713	-0.0	2.220446049250313e-16	1.1102230246251563e-16	1.0	0.9212633848775448	9.999000099990002e-05	0.0002999700029997	True	36.0	50	50	A	S	A	S	A	S	0.9583	1.0	0.0	0.0	1	0.9583	isoform_discriminating_conserved	True	False		True	0.9583	True	True	True	True
51	N	F	0.7954160649825788	0.6724455627122858	1.032567345083859	1.2037023971310103	2.220446049250313e-16	1.1102230246251563e-16	1.0	0.549115847898336	9.999000099990002e-05	0.0002999700029997	True	37.0	51	51	N	F	N	F	N	F	0.875	0.8333	0.0	0.0	1	0.8333	isoform_discriminating_conserved	True	False		True	0.8333	True	True	True	True
52	Q	H	0.8595433049827845	1.0	0.7220599688280906	-0.0	2.220446049250313e-16	1.1102230246251563e-16	1.0	0.8329310546183648	9.999000099990002e-05	0.0002999700029997	True	38.0	52	52	Q	H	Q	H	Q	H	0.9583	1.0	0.0	0.0	1	0.9583	isoform_discriminating_conserved	True	False		True	0.9583	True	True	True	True
53	S	S	1.0	0.6304837632065766	-0.0	0.9502999221032146	2.220446049250313e-16	1.1102230246251563e-16	0.2152261791617345	0.1679025271245991	0.0004999500049995	0.0014373562643735	True	39.0	53	53	S	S	S	S	S	S	1.0	0.6667	0.0	0.0	0	0.0	variable	True	False		False	0.0	False	True	True	False
59	L	L	0.6509638995152593	0.8633985982065638	1.32383472520736	0.5752685127597068	0.0805899365847959	1.1102230246251563e-16	0.253602479760742	0.140215835406154	0.0146985301469853	0.0405679432056794	True	45.0	59	59	L	L	L	L	L	L	0.7826	0.9583	0.0417	0.0	0	0.0	shared_conserved	True	False		False	0.0	False	True	True	False
