alignment_column	ancestral_IIIb	ancestral_IIIc	ancestrally_different	IIIb_posterior_probability	IIIc_posterior_probability	minimum_posterior_probability	IIIb_stable_all_clade_jackknifes	IIIc_stable_all_clade_jackknifes	both_stable_all_clade_jackknifes	high_confidence_robust_ancestral_difference
1	H	A	True	0.6747268332040397	0.8566891638518075	0.6747268332040397	True	True	True	False
2	S	A	True	0.9999151989517615	0.9999999600745643	0.9999151989517615	True	True	True	True
4	I	V	True	0.9998298814443612	0.9999999175810272	0.9998298814443612	True	True	True	True
6	S	T	True	0.9998233309140308	0.9999999406625409	0.9998233309140308	True	True	True	True
7	S	T	True	0.9999026462361806	0.9999999640042185	0.9999026462361806	True	True	True	True
8	D	D	False	0.9999371506500054	0.9999999805323738	0.9999371506500054	False	True	False	False
11	V	I	True	0.9993155406253543	0.9999997524886092	0.9993155406253543	False	True	False	False
16	L	I	True	0.9995648945865314	0.9999996465538016	0.9995648945865314	True	True	True	True
21	E	V	True	0.9996613416238881	0.9999783773002757	0.9996613416238881	True	False	False	False
28	T	T	False	0.9987357787836483	0.999999986611657	0.9987357787836483	False	True	False	False
30	K	L	True	0.999529294616865	0.9999997611314697	0.999529294616865	True	True	True	True
31	V	A	True	0.9997568598770242	0.9999999459088676	0.9997568598770242	True	True	True	True
32	S	G	True	0.9999136399478449	0.9999999868813573	0.9999136399478449	True	True	True	True
46	Y	S	True	0.9999518377622881	0.9999999407564473	0.9999518377622881	True	True	True	True
50	A	S	True	0.999852248787981	0.9999999144887599	0.999852248787981	True	True	True	True
51	H	F	True	0.6299618263078713	0.9999997562999546	0.6299618263078713	False	True	False	False
52	Q	H	True	0.9986744123326745	0.9999999643325969	0.9986744123326745	True	True	True	True
