species_id	scientific_name	protein_id	protein_length	exon_label	native_start	native_end
homo_sapiens	Homo sapiens	ENSP00000351276	821	E1	1	55
homo_sapiens	Homo sapiens	ENSP00000351276	821	E2	56	91
homo_sapiens	Homo sapiens	ENSP00000351276	821	E3	91	137
homo_sapiens	Homo sapiens	ENSP00000351276	821	E4	137	160
homo_sapiens	Homo sapiens	ENSP00000351276	821	E5	161	201
homo_sapiens	Homo sapiens	ENSP00000351276	821	E6	202	265
homo_sapiens	Homo sapiens	ENSP00000351276	821	E7	265	302
homo_sapiens	Homo sapiens	ENSP00000351276	821	E8	302	343
homo_sapiens	Homo sapiens	ENSP00000351276	821	E9	343	393
homo_sapiens	Homo sapiens	ENSP00000351276	821	E10	394	461
homo_sapiens	Homo sapiens	ENSP00000351276	821	E11	461	510
homo_sapiens	Homo sapiens	ENSP00000351276	821	E12	511	574
homo_sapiens	Homo sapiens	ENSP00000351276	821	E13	574	615
homo_sapiens	Homo sapiens	ENSP00000351276	821	E14	616	672
homo_sapiens	Homo sapiens	ENSP00000351276	821	E15	672	698
homo_sapiens	Homo sapiens	ENSP00000351276	821	E16	698	787
homo_sapiens	Homo sapiens	ENSP00000351276	821	E17	787	821
pan_troglodytes	Pan troglodytes	XP_054516514.1	840	E1	1	56
pan_troglodytes	Pan troglodytes	XP_054516514.1	840	E2	56	145
pan_troglodytes	Pan troglodytes	XP_054516514.1	840	E3	145	171
pan_troglodytes	Pan troglodytes	XP_054516514.1	840	E4	171	227
pan_troglodytes	Pan troglodytes	XP_054516514.1	840	E5	228	269
pan_troglodytes	Pan troglodytes	XP_054516514.1	840	E6	269	332
pan_troglodytes	Pan troglodytes	XP_054516514.1	840	E7	333	382
pan_troglodytes	Pan troglodytes	XP_054516514.1	840	E8	382	450
pan_troglodytes	Pan troglodytes	XP_054516514.1	840	E9	450	500
pan_troglodytes	Pan troglodytes	XP_054516514.1	840	E10	500	541
pan_troglodytes	Pan troglodytes	XP_054516514.1	840	E11	541	578
pan_troglodytes	Pan troglodytes	XP_054516514.1	840	E12	578	641
pan_troglodytes	Pan troglodytes	XP_054516514.1	840	E13	642	682
pan_troglodytes	Pan troglodytes	XP_054516514.1	840	E14	683	706
pan_troglodytes	Pan troglodytes	XP_054516514.1	840	E15	706	752
pan_troglodytes	Pan troglodytes	XP_054516514.1	840	E16	752	787
pan_troglodytes	Pan troglodytes	XP_054516514.1	840	E17	788	840
gorilla_gorilla_gorilla	Gorilla gorilla gorilla	XP_004050253.1	723	E1	1	55
gorilla_gorilla_gorilla	Gorilla gorilla gorilla	XP_004050253.1	723	E2	56	91
gorilla_gorilla_gorilla	Gorilla gorilla gorilla	XP_004050253.1	723	E3	91	137
gorilla_gorilla_gorilla	Gorilla gorilla gorilla	XP_004050253.1	723	E4	137	160
gorilla_gorilla_gorilla	Gorilla gorilla gorilla	XP_004050253.1	723	E5	161	201
gorilla_gorilla_gorilla	Gorilla gorilla gorilla	XP_004050253.1	723	E6	202	265
gorilla_gorilla_gorilla	Gorilla gorilla gorilla	XP_004050253.1	723	E7	265	302
gorilla_gorilla_gorilla	Gorilla gorilla gorilla	XP_004050253.1	723	E8	302	343
gorilla_gorilla_gorilla	Gorilla gorilla gorilla	XP_004050253.1	723	E9	343	398
gorilla_gorilla_gorilla	Gorilla gorilla gorilla	XP_004050253.1	723	E10	398	447
gorilla_gorilla_gorilla	Gorilla gorilla gorilla	XP_004050253.1	723	E11	448	511
gorilla_gorilla_gorilla	Gorilla gorilla gorilla	XP_004050253.1	723	E12	511	552
gorilla_gorilla_gorilla	Gorilla gorilla gorilla	XP_004050253.1	723	E13	553	609
gorilla_gorilla_gorilla	Gorilla gorilla gorilla	XP_004050253.1	723	E14	609	635
gorilla_gorilla_gorilla	Gorilla gorilla gorilla	XP_004050253.1	723	E15	635	671
pongo_abelii	Pongo abelii	XP_024108704.1	838	E1	1	56
pongo_abelii	Pongo abelii	XP_024108704.1	838	E2	56	145
pongo_abelii	Pongo abelii	XP_024108704.1	838	E3	145	171
pongo_abelii	Pongo abelii	XP_024108704.1	838	E4	171	227
pongo_abelii	Pongo abelii	XP_024108704.1	838	E5	228	269
pongo_abelii	Pongo abelii	XP_024108704.1	838	E6	269	332
pongo_abelii	Pongo abelii	XP_024108704.1	838	E7	333	381
pongo_abelii	Pongo abelii	XP_024108704.1	838	E8	381	446
pongo_abelii	Pongo abelii	XP_024108704.1	838	E9	447	497
pongo_abelii	Pongo abelii	XP_024108704.1	838	E10	497	538
pongo_abelii	Pongo abelii	XP_024108704.1	838	E11	538	575
pongo_abelii	Pongo abelii	XP_024108704.1	838	E12	575	638
pongo_abelii	Pongo abelii	XP_024108704.1	838	E13	639	679
pongo_abelii	Pongo abelii	XP_024108704.1	838	E14	680	703
pongo_abelii	Pongo abelii	XP_024108704.1	838	E15	703	749
pongo_abelii	Pongo abelii	XP_024108704.1	838	E16	749	784
pongo_abelii	Pongo abelii	XP_024108704.1	838	E17	785	838
macaca_mulatta	Macaca mulatta	XP_077803775.1	838	E1	1	56
macaca_mulatta	Macaca mulatta	XP_077803775.1	838	E2	56	145
macaca_mulatta	Macaca mulatta	XP_077803775.1	838	E3	145	171
macaca_mulatta	Macaca mulatta	XP_077803775.1	838	E4	171	227
macaca_mulatta	Macaca mulatta	XP_077803775.1	838	E5	228	269
macaca_mulatta	Macaca mulatta	XP_077803775.1	838	E6	269	332
macaca_mulatta	Macaca mulatta	XP_077803775.1	838	E7	333	382
macaca_mulatta	Macaca mulatta	XP_077803775.1	838	E8	382	447
macaca_mulatta	Macaca mulatta	XP_077803775.1	838	E9	448	498
macaca_mulatta	Macaca mulatta	XP_077803775.1	838	E10	498	539
macaca_mulatta	Macaca mulatta	XP_077803775.1	838	E11	539	576
macaca_mulatta	Macaca mulatta	XP_077803775.1	838	E12	576	639
macaca_mulatta	Macaca mulatta	XP_077803775.1	838	E13	640	680
macaca_mulatta	Macaca mulatta	XP_077803775.1	838	E14	681	704
macaca_mulatta	Macaca mulatta	XP_077803775.1	838	E15	704	750
macaca_mulatta	Macaca mulatta	XP_077803775.1	838	E16	750	785
macaca_mulatta	Macaca mulatta	XP_077803775.1	838	E17	786	838
callithrix_jacchus	Callithrix jacchus	XP_078202765.1	840	E1	1	56
callithrix_jacchus	Callithrix jacchus	XP_078202765.1	840	E2	56	145
callithrix_jacchus	Callithrix jacchus	XP_078202765.1	840	E3	145	171
callithrix_jacchus	Callithrix jacchus	XP_078202765.1	840	E4	171	227
callithrix_jacchus	Callithrix jacchus	XP_078202765.1	840	E5	228	269
callithrix_jacchus	Callithrix jacchus	XP_078202765.1	840	E6	269	332
callithrix_jacchus	Callithrix jacchus	XP_078202765.1	840	E7	333	382
callithrix_jacchus	Callithrix jacchus	XP_078202765.1	840	E8	382	450
callithrix_jacchus	Callithrix jacchus	XP_078202765.1	840	E9	450	500
callithrix_jacchus	Callithrix jacchus	XP_078202765.1	840	E10	500	541
callithrix_jacchus	Callithrix jacchus	XP_078202765.1	840	E11	541	578
callithrix_jacchus	Callithrix jacchus	XP_078202765.1	840	E12	578	641
callithrix_jacchus	Callithrix jacchus	XP_078202765.1	840	E13	642	682
callithrix_jacchus	Callithrix jacchus	XP_078202765.1	840	E14	683	706
callithrix_jacchus	Callithrix jacchus	XP_078202765.1	840	E15	706	752
callithrix_jacchus	Callithrix jacchus	XP_078202765.1	840	E16	752	787
callithrix_jacchus	Callithrix jacchus	XP_078202765.1	840	E17	788	840
mus_musculus	Mus musculus	ENSMUSP00000112430	840	E1	1	55
mus_musculus	Mus musculus	ENSMUSP00000112430	840	E2	56	91
mus_musculus	Mus musculus	ENSMUSP00000112430	840	E3	91	137
mus_musculus	Mus musculus	ENSMUSP00000112430	840	E4	137	160
mus_musculus	Mus musculus	ENSMUSP00000112430	840	E5	161	201
mus_musculus	Mus musculus	ENSMUSP00000112430	840	E6	202	265
mus_musculus	Mus musculus	ENSMUSP00000112430	840	E7	265	302
mus_musculus	Mus musculus	ENSMUSP00000112430	840	E8	302	343
mus_musculus	Mus musculus	ENSMUSP00000112430	840	E9	343	393
mus_musculus	Mus musculus	ENSMUSP00000112430	840	E10	394	461
mus_musculus	Mus musculus	ENSMUSP00000112430	840	E11	461	510
mus_musculus	Mus musculus	ENSMUSP00000112430	840	E12	511	574
mus_musculus	Mus musculus	ENSMUSP00000112430	840	E13	574	615
mus_musculus	Mus musculus	ENSMUSP00000112430	840	E14	616	672
mus_musculus	Mus musculus	ENSMUSP00000112430	840	E15	672	698
mus_musculus	Mus musculus	ENSMUSP00000112430	840	E16	698	787
mus_musculus	Mus musculus	ENSMUSP00000112430	840	E17	787	823
rattus_norvegicus	Rattus norvegicus	XP_063137149.1	840	E1	1	56
rattus_norvegicus	Rattus norvegicus	XP_063137149.1	840	E2	56	145
rattus_norvegicus	Rattus norvegicus	XP_063137149.1	840	E3	145	171
rattus_norvegicus	Rattus norvegicus	XP_063137149.1	840	E4	171	227
rattus_norvegicus	Rattus norvegicus	XP_063137149.1	840	E5	228	269
rattus_norvegicus	Rattus norvegicus	XP_063137149.1	840	E6	269	332
rattus_norvegicus	Rattus norvegicus	XP_063137149.1	840	E7	333	382
rattus_norvegicus	Rattus norvegicus	XP_063137149.1	840	E8	382	450
rattus_norvegicus	Rattus norvegicus	XP_063137149.1	840	E9	450	500
rattus_norvegicus	Rattus norvegicus	XP_063137149.1	840	E10	500	541
rattus_norvegicus	Rattus norvegicus	XP_063137149.1	840	E11	541	578
rattus_norvegicus	Rattus norvegicus	XP_063137149.1	840	E12	578	641
rattus_norvegicus	Rattus norvegicus	XP_063137149.1	840	E13	642	682
rattus_norvegicus	Rattus norvegicus	XP_063137149.1	840	E14	683	706
rattus_norvegicus	Rattus norvegicus	XP_063137149.1	840	E15	706	752
rattus_norvegicus	Rattus norvegicus	XP_063137149.1	840	E16	752	787
rattus_norvegicus	Rattus norvegicus	XP_063137149.1	840	E17	788	840
oryctolagus_cuniculus	Oryctolagus cuniculus	XP_069913096.1	840	E1	1	56
oryctolagus_cuniculus	Oryctolagus cuniculus	XP_069913096.1	840	E2	56	145
oryctolagus_cuniculus	Oryctolagus cuniculus	XP_069913096.1	840	E3	145	171
oryctolagus_cuniculus	Oryctolagus cuniculus	XP_069913096.1	840	E4	171	227
oryctolagus_cuniculus	Oryctolagus cuniculus	XP_069913096.1	840	E5	228	269
oryctolagus_cuniculus	Oryctolagus cuniculus	XP_069913096.1	840	E6	269	332
oryctolagus_cuniculus	Oryctolagus cuniculus	XP_069913096.1	840	E7	333	382
oryctolagus_cuniculus	Oryctolagus cuniculus	XP_069913096.1	840	E8	382	449
oryctolagus_cuniculus	Oryctolagus cuniculus	XP_069913096.1	840	E9	450	500
oryctolagus_cuniculus	Oryctolagus cuniculus	XP_069913096.1	840	E10	500	541
oryctolagus_cuniculus	Oryctolagus cuniculus	XP_069913096.1	840	E11	541	578
oryctolagus_cuniculus	Oryctolagus cuniculus	XP_069913096.1	840	E12	578	641
oryctolagus_cuniculus	Oryctolagus cuniculus	XP_069913096.1	840	E13	642	682
oryctolagus_cuniculus	Oryctolagus cuniculus	XP_069913096.1	840	E14	683	706
oryctolagus_cuniculus	Oryctolagus cuniculus	XP_069913096.1	840	E15	706	752
oryctolagus_cuniculus	Oryctolagus cuniculus	XP_069913096.1	840	E16	752	787
oryctolagus_cuniculus	Oryctolagus cuniculus	XP_069913096.1	840	E17	788	840
canis_lupus_familiaris	Canis lupus familiaris	NP_001003336.1	707	IIIb cassette (validated reference)	199	244
felis_catus	Felis catus	XP_044896695.1	840	E1	1	57
felis_catus	Felis catus	XP_044896695.1	840	E2	57	146
felis_catus	Felis catus	XP_044896695.1	840	E3	146	171
felis_catus	Felis catus	XP_044896695.1	840	E4	171	227
felis_catus	Felis catus	XP_044896695.1	840	E5	228	269
felis_catus	Felis catus	XP_044896695.1	840	E6	269	332
felis_catus	Felis catus	XP_044896695.1	840	E7	333	382
felis_catus	Felis catus	XP_044896695.1	840	E8	382	449
felis_catus	Felis catus	XP_044896695.1	840	E9	450	500
felis_catus	Felis catus	XP_044896695.1	840	E10	500	541
felis_catus	Felis catus	XP_044896695.1	840	E11	541	578
felis_catus	Felis catus	XP_044896695.1	840	E12	578	641
felis_catus	Felis catus	XP_044896695.1	840	E13	642	682
felis_catus	Felis catus	XP_044896695.1	840	E14	683	706
felis_catus	Felis catus	XP_044896695.1	840	E15	706	752
felis_catus	Felis catus	XP_044896695.1	840	E16	752	787
felis_catus	Felis catus	XP_044896695.1	840	E17	788	840
bos_taurus	Bos taurus	XP_059737724.1	840	E1	1	56
bos_taurus	Bos taurus	XP_059737724.1	840	E2	56	145
bos_taurus	Bos taurus	XP_059737724.1	840	E3	145	171
bos_taurus	Bos taurus	XP_059737724.1	840	E4	171	227
bos_taurus	Bos taurus	XP_059737724.1	840	E5	228	269
bos_taurus	Bos taurus	XP_059737724.1	840	E6	269	332
bos_taurus	Bos taurus	XP_059737724.1	840	E7	333	382
bos_taurus	Bos taurus	XP_059737724.1	840	E8	382	450
bos_taurus	Bos taurus	XP_059737724.1	840	E9	450	500
bos_taurus	Bos taurus	XP_059737724.1	840	E10	500	541
bos_taurus	Bos taurus	XP_059737724.1	840	E11	541	578
bos_taurus	Bos taurus	XP_059737724.1	840	E12	578	641
bos_taurus	Bos taurus	XP_059737724.1	840	E13	642	682
bos_taurus	Bos taurus	XP_059737724.1	840	E14	683	706
bos_taurus	Bos taurus	XP_059737724.1	840	E15	706	752
bos_taurus	Bos taurus	XP_059737724.1	840	E16	752	787
bos_taurus	Bos taurus	XP_059737724.1	840	E17	788	840
sus_scrofa	Sus scrofa	XP_084849197.1	840	E1	1	56
sus_scrofa	Sus scrofa	XP_084849197.1	840	E2	56	145
sus_scrofa	Sus scrofa	XP_084849197.1	840	E3	145	171
sus_scrofa	Sus scrofa	XP_084849197.1	840	E4	171	227
sus_scrofa	Sus scrofa	XP_084849197.1	840	E5	228	269
sus_scrofa	Sus scrofa	XP_084849197.1	840	E6	269	332
sus_scrofa	Sus scrofa	XP_084849197.1	840	E7	333	382
sus_scrofa	Sus scrofa	XP_084849197.1	840	E8	382	450
sus_scrofa	Sus scrofa	XP_084849197.1	840	E9	450	500
sus_scrofa	Sus scrofa	XP_084849197.1	840	E10	500	541
sus_scrofa	Sus scrofa	XP_084849197.1	840	E11	541	578
sus_scrofa	Sus scrofa	XP_084849197.1	840	E12	578	641
sus_scrofa	Sus scrofa	XP_084849197.1	840	E13	642	682
sus_scrofa	Sus scrofa	XP_084849197.1	840	E14	683	706
sus_scrofa	Sus scrofa	XP_084849197.1	840	E15	706	752
sus_scrofa	Sus scrofa	XP_084849197.1	840	E16	752	787
sus_scrofa	Sus scrofa	XP_084849197.1	840	E17	788	840
equus_caballus	Equus caballus	XP_014588430.1	886	E1	1	9
equus_caballus	Equus caballus	XP_014588430.1	886	E2	9	106
equus_caballus	Equus caballus	XP_014588430.1	886	E3	106	195
equus_caballus	Equus caballus	XP_014588430.1	886	E4	195	221
equus_caballus	Equus caballus	XP_014588430.1	886	E5	221	277
equus_caballus	Equus caballus	XP_014588430.1	886	E6	278	319
equus_caballus	Equus caballus	XP_014588430.1	886	E7	319	382
equus_caballus	Equus caballus	XP_014588430.1	886	E8	383	432
equus_caballus	Equus caballus	XP_014588430.1	886	E9	432	499
equus_caballus	Equus caballus	XP_014588430.1	886	E10	500	550
equus_caballus	Equus caballus	XP_014588430.1	886	E11	550	591
equus_caballus	Equus caballus	XP_014588430.1	886	E12	591	628
equus_caballus	Equus caballus	XP_014588430.1	886	E13	628	691
equus_caballus	Equus caballus	XP_014588430.1	886	E14	692	732
equus_caballus	Equus caballus	XP_014588430.1	886	E15	733	756
equus_caballus	Equus caballus	XP_014588430.1	886	E16	756	802
equus_caballus	Equus caballus	XP_014588430.1	886	E17	802	837
equus_caballus	Equus caballus	XP_014588430.1	886	E18	838	886
ovis_aries	Ovis aries	XP_060260490.1	840	E1	1	56
ovis_aries	Ovis aries	XP_060260490.1	840	E2	56	145
ovis_aries	Ovis aries	XP_060260490.1	840	E3	145	171
ovis_aries	Ovis aries	XP_060260490.1	840	E4	171	227
ovis_aries	Ovis aries	XP_060260490.1	840	E5	228	269
ovis_aries	Ovis aries	XP_060260490.1	840	E6	269	332
ovis_aries	Ovis aries	XP_060260490.1	840	E7	333	382
ovis_aries	Ovis aries	XP_060260490.1	840	E8	382	450
ovis_aries	Ovis aries	XP_060260490.1	840	E9	450	500
ovis_aries	Ovis aries	XP_060260490.1	840	E10	500	541
ovis_aries	Ovis aries	XP_060260490.1	840	E11	541	578
ovis_aries	Ovis aries	XP_060260490.1	840	E12	578	641
ovis_aries	Ovis aries	XP_060260490.1	840	E13	642	682
ovis_aries	Ovis aries	XP_060260490.1	840	E14	683	706
ovis_aries	Ovis aries	XP_060260490.1	840	E15	706	752
ovis_aries	Ovis aries	XP_060260490.1	840	E16	752	787
ovis_aries	Ovis aries	XP_060260490.1	840	E17	788	840
monodelphis_domestica	Monodelphis domestica	XP_056659242.1	839	E1	1	56
monodelphis_domestica	Monodelphis domestica	XP_056659242.1	839	E2	56	145
monodelphis_domestica	Monodelphis domestica	XP_056659242.1	839	E3	145	170
monodelphis_domestica	Monodelphis domestica	XP_056659242.1	839	E4	170	226
monodelphis_domestica	Monodelphis domestica	XP_056659242.1	839	E5	227	268
monodelphis_domestica	Monodelphis domestica	XP_056659242.1	839	E6	268	331
monodelphis_domestica	Monodelphis domestica	XP_056659242.1	839	E7	332	381
monodelphis_domestica	Monodelphis domestica	XP_056659242.1	839	E8	381	448
monodelphis_domestica	Monodelphis domestica	XP_056659242.1	839	E9	449	499
monodelphis_domestica	Monodelphis domestica	XP_056659242.1	839	E10	499	540
monodelphis_domestica	Monodelphis domestica	XP_056659242.1	839	E11	540	577
monodelphis_domestica	Monodelphis domestica	XP_056659242.1	839	E12	577	640
monodelphis_domestica	Monodelphis domestica	XP_056659242.1	839	E13	641	681
monodelphis_domestica	Monodelphis domestica	XP_056659242.1	839	E14	682	705
monodelphis_domestica	Monodelphis domestica	XP_056659242.1	839	E15	705	751
monodelphis_domestica	Monodelphis domestica	XP_056659242.1	839	E16	751	786
monodelphis_domestica	Monodelphis domestica	XP_056659242.1	839	E17	787	839
ornithorhynchus_anatinus	Ornithorhynchus anatinus	XP_028936644.1	839	E1	1	56
ornithorhynchus_anatinus	Ornithorhynchus anatinus	XP_028936644.1	839	E2	56	145
ornithorhynchus_anatinus	Ornithorhynchus anatinus	XP_028936644.1	839	E3	145	170
ornithorhynchus_anatinus	Ornithorhynchus anatinus	XP_028936644.1	839	E4	170	226
ornithorhynchus_anatinus	Ornithorhynchus anatinus	XP_028936644.1	839	E5	227	268
ornithorhynchus_anatinus	Ornithorhynchus anatinus	XP_028936644.1	839	E6	268	331
ornithorhynchus_anatinus	Ornithorhynchus anatinus	XP_028936644.1	839	E7	332	381
ornithorhynchus_anatinus	Ornithorhynchus anatinus	XP_028936644.1	839	E8	381	448
ornithorhynchus_anatinus	Ornithorhynchus anatinus	XP_028936644.1	839	E9	449	499
ornithorhynchus_anatinus	Ornithorhynchus anatinus	XP_028936644.1	839	E10	499	540
ornithorhynchus_anatinus	Ornithorhynchus anatinus	XP_028936644.1	839	E11	540	577
ornithorhynchus_anatinus	Ornithorhynchus anatinus	XP_028936644.1	839	E12	577	640
ornithorhynchus_anatinus	Ornithorhynchus anatinus	XP_028936644.1	839	E13	641	681
ornithorhynchus_anatinus	Ornithorhynchus anatinus	XP_028936644.1	839	E14	682	705
ornithorhynchus_anatinus	Ornithorhynchus anatinus	XP_028936644.1	839	E15	705	751
ornithorhynchus_anatinus	Ornithorhynchus anatinus	XP_028936644.1	839	E16	751	786
ornithorhynchus_anatinus	Ornithorhynchus anatinus	XP_028936644.1	839	E17	787	839
gallus_gallus	Gallus gallus	NP_990650.2	842	E1	1	59
gallus_gallus	Gallus gallus	NP_990650.2	842	E2	59	148
gallus_gallus	Gallus gallus	NP_990650.2	842	E3	148	173
gallus_gallus	Gallus gallus	NP_990650.2	842	E4	173	229
gallus_gallus	Gallus gallus	NP_990650.2	842	E5	230	271
gallus_gallus	Gallus gallus	NP_990650.2	842	E6	271	334
gallus_gallus	Gallus gallus	NP_990650.2	842	E7	335	384
gallus_gallus	Gallus gallus	NP_990650.2	842	E8	384	451
gallus_gallus	Gallus gallus	NP_990650.2	842	E9	452	502
gallus_gallus	Gallus gallus	NP_990650.2	842	E10	502	543
gallus_gallus	Gallus gallus	NP_990650.2	842	E11	543	580
gallus_gallus	Gallus gallus	NP_990650.2	842	E12	580	643
gallus_gallus	Gallus gallus	NP_990650.2	842	E13	644	684
gallus_gallus	Gallus gallus	NP_990650.2	842	E14	685	708
gallus_gallus	Gallus gallus	NP_990650.2	842	E15	708	754
gallus_gallus	Gallus gallus	NP_990650.2	842	E16	754	789
gallus_gallus	Gallus gallus	NP_990650.2	842	E17	790	842
meleagris_gallopavo	Meleagris gallopavo	ENSMGAP00000031571	627	E1	1	103
meleagris_gallopavo	Meleagris gallopavo	ENSMGAP00000031571	627	E2	104	167
meleagris_gallopavo	Meleagris gallopavo	ENSMGAP00000031571	627	E3	167	204
meleagris_gallopavo	Meleagris gallopavo	ENSMGAP00000031571	627	E4	204	245
meleagris_gallopavo	Meleagris gallopavo	ENSMGAP00000031571	627	E5	245	295
meleagris_gallopavo	Meleagris gallopavo	ENSMGAP00000031571	627	E6	296	361
meleagris_gallopavo	Meleagris gallopavo	ENSMGAP00000031571	627	E7	361	409
meleagris_gallopavo	Meleagris gallopavo	ENSMGAP00000031571	627	E8	410	473
meleagris_gallopavo	Meleagris gallopavo	ENSMGAP00000031571	627	E9	473	514
meleagris_gallopavo	Meleagris gallopavo	ENSMGAP00000031571	627	E10	515	571
meleagris_gallopavo	Meleagris gallopavo	ENSMGAP00000031571	627	E11	571	627
taeniopygia_guttata	Taeniopygia guttata	XP_072787409.1	890	E1	1	21
taeniopygia_guttata	Taeniopygia guttata	XP_072787409.1	890	E2	21	107
taeniopygia_guttata	Taeniopygia guttata	XP_072787409.1	890	E3	107	196
taeniopygia_guttata	Taeniopygia guttata	XP_072787409.1	890	E4	196	221
taeniopygia_guttata	Taeniopygia guttata	XP_072787409.1	890	E5	221	277
taeniopygia_guttata	Taeniopygia guttata	XP_072787409.1	890	E6	278	319
taeniopygia_guttata	Taeniopygia guttata	XP_072787409.1	890	E7	319	382
taeniopygia_guttata	Taeniopygia guttata	XP_072787409.1	890	E8	383	432
taeniopygia_guttata	Taeniopygia guttata	XP_072787409.1	890	E9	432	500
taeniopygia_guttata	Taeniopygia guttata	XP_072787409.1	890	E10	500	550
taeniopygia_guttata	Taeniopygia guttata	XP_072787409.1	890	E11	550	591
taeniopygia_guttata	Taeniopygia guttata	XP_072787409.1	890	E12	591	628
taeniopygia_guttata	Taeniopygia guttata	XP_072787409.1	890	E13	628	691
taeniopygia_guttata	Taeniopygia guttata	XP_072787409.1	890	E14	692	732
taeniopygia_guttata	Taeniopygia guttata	XP_072787409.1	890	E15	733	756
taeniopygia_guttata	Taeniopygia guttata	XP_072787409.1	890	E16	756	802
taeniopygia_guttata	Taeniopygia guttata	XP_072787409.1	890	E17	802	837
taeniopygia_guttata	Taeniopygia guttata	XP_072787409.1	890	E18	838	890
anolis_carolinensis	Anolis carolinensis	XP_062832081.1	873	E1	1	7
anolis_carolinensis	Anolis carolinensis	XP_062832081.1	873	E2	7	94
anolis_carolinensis	Anolis carolinensis	XP_062832081.1	873	E3	94	179
anolis_carolinensis	Anolis carolinensis	XP_062832081.1	873	E4	179	204
anolis_carolinensis	Anolis carolinensis	XP_062832081.1	873	E5	204	260
anolis_carolinensis	Anolis carolinensis	XP_062832081.1	873	E6	261	302
anolis_carolinensis	Anolis carolinensis	XP_062832081.1	873	E7	302	365
anolis_carolinensis	Anolis carolinensis	XP_062832081.1	873	E8	366	414
anolis_carolinensis	Anolis carolinensis	XP_062832081.1	873	E9	414	482
anolis_carolinensis	Anolis carolinensis	XP_062832081.1	873	E10	482	532
anolis_carolinensis	Anolis carolinensis	XP_062832081.1	873	E11	532	573
anolis_carolinensis	Anolis carolinensis	XP_062832081.1	873	E12	573	610
anolis_carolinensis	Anolis carolinensis	XP_062832081.1	873	E13	610	673
anolis_carolinensis	Anolis carolinensis	XP_062832081.1	873	E14	674	714
anolis_carolinensis	Anolis carolinensis	XP_062832081.1	873	E15	715	738
anolis_carolinensis	Anolis carolinensis	XP_062832081.1	873	E16	738	784
anolis_carolinensis	Anolis carolinensis	XP_062832081.1	873	E17	784	819
anolis_carolinensis	Anolis carolinensis	XP_062832081.1	873	E18	820	873
alligator_mississippiensis	Alligator mississippiensis	XP_006266188.1	868	E1	1	59
alligator_mississippiensis	Alligator mississippiensis	XP_006266188.1	868	E2	59	148
alligator_mississippiensis	Alligator mississippiensis	XP_006266188.1	868	E3	148	173
alligator_mississippiensis	Alligator mississippiensis	XP_006266188.1	868	E4	173	229
alligator_mississippiensis	Alligator mississippiensis	XP_006266188.1	868	E5	230	271
alligator_mississippiensis	Alligator mississippiensis	XP_006266188.1	868	E6	271	334
alligator_mississippiensis	Alligator mississippiensis	XP_006266188.1	868	E7	335	384
alligator_mississippiensis	Alligator mississippiensis	XP_006266188.1	868	E8	384	451
alligator_mississippiensis	Alligator mississippiensis	XP_006266188.1	868	E9	452	502
alligator_mississippiensis	Alligator mississippiensis	XP_006266188.1	868	E10	502	543
alligator_mississippiensis	Alligator mississippiensis	XP_006266188.1	868	E11	543	580
alligator_mississippiensis	Alligator mississippiensis	XP_006266188.1	868	E12	580	643
alligator_mississippiensis	Alligator mississippiensis	XP_006266188.1	868	E13	644	684
alligator_mississippiensis	Alligator mississippiensis	XP_006266188.1	868	E14	685	708
alligator_mississippiensis	Alligator mississippiensis	XP_006266188.1	868	E15	708	754
alligator_mississippiensis	Alligator mississippiensis	XP_006266188.1	868	E16	754	789
alligator_mississippiensis	Alligator mississippiensis	XP_006266188.1	868	E17	790	815
alligator_mississippiensis	Alligator mississippiensis	XP_006266188.1	868	E18	815	868
chrysemys_picta_bellii	Chrysemys picta bellii	XP_065408413.1	840	E1	1	59
chrysemys_picta_bellii	Chrysemys picta bellii	XP_065408413.1	840	E2	59	146
chrysemys_picta_bellii	Chrysemys picta bellii	XP_065408413.1	840	E3	146	171
chrysemys_picta_bellii	Chrysemys picta bellii	XP_065408413.1	840	E4	171	227
chrysemys_picta_bellii	Chrysemys picta bellii	XP_065408413.1	840	E5	228	269
chrysemys_picta_bellii	Chrysemys picta bellii	XP_065408413.1	840	E6	269	332
chrysemys_picta_bellii	Chrysemys picta bellii	XP_065408413.1	840	E7	333	379
chrysemys_picta_bellii	Chrysemys picta bellii	XP_065408413.1	840	E8	379	446
chrysemys_picta_bellii	Chrysemys picta bellii	XP_065408413.1	840	E9	447	497
chrysemys_picta_bellii	Chrysemys picta bellii	XP_065408413.1	840	E10	497	538
chrysemys_picta_bellii	Chrysemys picta bellii	XP_065408413.1	840	E11	538	575
chrysemys_picta_bellii	Chrysemys picta bellii	XP_065408413.1	840	E12	575	638
chrysemys_picta_bellii	Chrysemys picta bellii	XP_065408413.1	840	E13	639	679
chrysemys_picta_bellii	Chrysemys picta bellii	XP_065408413.1	840	E14	680	703
chrysemys_picta_bellii	Chrysemys picta bellii	XP_065408413.1	840	E15	703	749
chrysemys_picta_bellii	Chrysemys picta bellii	XP_065408413.1	840	E16	749	784
chrysemys_picta_bellii	Chrysemys picta bellii	XP_065408413.1	840	E17	785	839
xenopus_tropicalis	Xenopus tropicalis	ENSXETP00000069725	910	E1	1	53
xenopus_tropicalis	Xenopus tropicalis	ENSXETP00000069725	910	E2	53	138
xenopus_tropicalis	Xenopus tropicalis	ENSXETP00000069725	910	E3	138	163
xenopus_tropicalis	Xenopus tropicalis	ENSXETP00000069725	910	E4	163	219
xenopus_tropicalis	Xenopus tropicalis	ENSXETP00000069725	910	E5	220	261
xenopus_tropicalis	Xenopus tropicalis	ENSXETP00000069725	910	E6	261	324
xenopus_tropicalis	Xenopus tropicalis	ENSXETP00000069725	910	E7	325	373
xenopus_tropicalis	Xenopus tropicalis	ENSXETP00000069725	910	E8	373	438
xenopus_tropicalis	Xenopus tropicalis	ENSXETP00000069725	910	E9	439	489
xenopus_tropicalis	Xenopus tropicalis	ENSXETP00000069725	910	E10	489	530
xenopus_tropicalis	Xenopus tropicalis	ENSXETP00000069725	910	E11	530	567
xenopus_tropicalis	Xenopus tropicalis	ENSXETP00000069725	910	E12	567	630
xenopus_tropicalis	Xenopus tropicalis	ENSXETP00000069725	910	E13	631	671
xenopus_tropicalis	Xenopus tropicalis	ENSXETP00000069725	910	E14	672	695
xenopus_tropicalis	Xenopus tropicalis	ENSXETP00000069725	910	E15	695	741
xenopus_tropicalis	Xenopus tropicalis	ENSXETP00000069725	910	E16	741	776
xenopus_tropicalis	Xenopus tropicalis	ENSXETP00000069725	910	E17	777	833
ambystoma_mexicanum	Ambystoma mexicanum	XP_069468056.1	838	E1	1	56
ambystoma_mexicanum	Ambystoma mexicanum	XP_069468056.1	838	E2	56	145
ambystoma_mexicanum	Ambystoma mexicanum	XP_069468056.1	838	E3	145	170
ambystoma_mexicanum	Ambystoma mexicanum	XP_069468056.1	838	E4	170	226
ambystoma_mexicanum	Ambystoma mexicanum	XP_069468056.1	838	E5	227	268
ambystoma_mexicanum	Ambystoma mexicanum	XP_069468056.1	838	E6	268	331
ambystoma_mexicanum	Ambystoma mexicanum	XP_069468056.1	838	E7	332	380
ambystoma_mexicanum	Ambystoma mexicanum	XP_069468056.1	838	E8	380	447
ambystoma_mexicanum	Ambystoma mexicanum	XP_069468056.1	838	E9	447	497
ambystoma_mexicanum	Ambystoma mexicanum	XP_069468056.1	838	E10	497	538
ambystoma_mexicanum	Ambystoma mexicanum	XP_069468056.1	838	E11	538	575
ambystoma_mexicanum	Ambystoma mexicanum	XP_069468056.1	838	E12	575	638
ambystoma_mexicanum	Ambystoma mexicanum	XP_069468056.1	838	E13	639	679
ambystoma_mexicanum	Ambystoma mexicanum	XP_069468056.1	838	E14	680	703
ambystoma_mexicanum	Ambystoma mexicanum	XP_069468056.1	838	E15	703	749
ambystoma_mexicanum	Ambystoma mexicanum	XP_069468056.1	838	E16	749	784
ambystoma_mexicanum	Ambystoma mexicanum	XP_069468056.1	838	E17	785	838
danio_rerio	Danio rerio	XP_068081038.1	840	E1	1	61
danio_rerio	Danio rerio	XP_068081038.1	840	E2	61	150
danio_rerio	Danio rerio	XP_068081038.1	840	E3	150	175
danio_rerio	Danio rerio	XP_068081038.1	840	E4	175	231
danio_rerio	Danio rerio	XP_068081038.1	840	E5	232	273
danio_rerio	Danio rerio	XP_068081038.1	840	E6	273	336
danio_rerio	Danio rerio	XP_068081038.1	840	E7	337	383
danio_rerio	Danio rerio	XP_068081038.1	840	E8	383	451
danio_rerio	Danio rerio	XP_068081038.1	840	E9	451	497
danio_rerio	Danio rerio	XP_068081038.1	840	E10	497	538
danio_rerio	Danio rerio	XP_068081038.1	840	E11	538	575
danio_rerio	Danio rerio	XP_068081038.1	840	E12	575	638
danio_rerio	Danio rerio	XP_068081038.1	840	E13	639	679
danio_rerio	Danio rerio	XP_068081038.1	840	E14	680	703
danio_rerio	Danio rerio	XP_068081038.1	840	E15	703	749
danio_rerio	Danio rerio	XP_068081038.1	840	E16	749	784
danio_rerio	Danio rerio	XP_068081038.1	840	E17	785	839
oryzias_latipes	Oryzias latipes	XP_078787744.1	832	E1	1	57
oryzias_latipes	Oryzias latipes	XP_078787744.1	832	E2	57	143
oryzias_latipes	Oryzias latipes	XP_078787744.1	832	E3	143	168
oryzias_latipes	Oryzias latipes	XP_078787744.1	832	E4	168	224
oryzias_latipes	Oryzias latipes	XP_078787744.1	832	E5	225	266
oryzias_latipes	Oryzias latipes	XP_078787744.1	832	E6	266	329
oryzias_latipes	Oryzias latipes	XP_078787744.1	832	E7	330	376
oryzias_latipes	Oryzias latipes	XP_078787744.1	832	E8	376	442
oryzias_latipes	Oryzias latipes	XP_078787744.1	832	E9	443	489
oryzias_latipes	Oryzias latipes	XP_078787744.1	832	E10	489	530
oryzias_latipes	Oryzias latipes	XP_078787744.1	832	E11	530	567
oryzias_latipes	Oryzias latipes	XP_078787744.1	832	E12	567	630
oryzias_latipes	Oryzias latipes	XP_078787744.1	832	E13	631	671
oryzias_latipes	Oryzias latipes	XP_078787744.1	832	E14	672	695
oryzias_latipes	Oryzias latipes	XP_078787744.1	832	E15	695	741
oryzias_latipes	Oryzias latipes	XP_078787744.1	832	E16	741	776
oryzias_latipes	Oryzias latipes	XP_078787744.1	832	E17	777	831
gasterosteus_aculeatus	Gasterosteus aculeatus	ENSGACP00000061458	917	E1	1	66
gasterosteus_aculeatus	Gasterosteus aculeatus	ENSGACP00000061458	917	E2	66	112
gasterosteus_aculeatus	Gasterosteus aculeatus	ENSGACP00000061458	917	E3	112	135
gasterosteus_aculeatus	Gasterosteus aculeatus	ENSGACP00000061458	917	E4	136	176
gasterosteus_aculeatus	Gasterosteus aculeatus	ENSGACP00000061458	917	E5	177	240
gasterosteus_aculeatus	Gasterosteus aculeatus	ENSGACP00000061458	917	E6	240	277
gasterosteus_aculeatus	Gasterosteus aculeatus	ENSGACP00000061458	917	E7	277	318
gasterosteus_aculeatus	Gasterosteus aculeatus	ENSGACP00000061458	917	E8	318	364
gasterosteus_aculeatus	Gasterosteus aculeatus	ENSGACP00000061458	917	E9	365	429
gasterosteus_aculeatus	Gasterosteus aculeatus	ENSGACP00000061458	917	E10	429	475
gasterosteus_aculeatus	Gasterosteus aculeatus	ENSGACP00000061458	917	E11	476	539
gasterosteus_aculeatus	Gasterosteus aculeatus	ENSGACP00000061458	917	E12	539	580
gasterosteus_aculeatus	Gasterosteus aculeatus	ENSGACP00000061458	917	E13	581	637
gasterosteus_aculeatus	Gasterosteus aculeatus	ENSGACP00000061458	917	E14	637	662
gasterosteus_aculeatus	Gasterosteus aculeatus	ENSGACP00000061458	917	E15	662	746
gasterosteus_aculeatus	Gasterosteus aculeatus	ENSGACP00000061458	917	E16	746	792
gasterosteus_aculeatus	Gasterosteus aculeatus	ENSGACP00000061458	917	E17	793	856
gasterosteus_aculeatus	Gasterosteus aculeatus	ENSGACP00000061458	917	E18	856	916
takifugu_rubripes	Takifugu rubripes	ENSTRUP00000045145	838	E1	1	55
takifugu_rubripes	Takifugu rubripes	ENSTRUP00000045145	838	E2	56	91
takifugu_rubripes	Takifugu rubripes	ENSTRUP00000045145	838	E3	91	137
takifugu_rubripes	Takifugu rubripes	ENSTRUP00000045145	838	E4	137	160
takifugu_rubripes	Takifugu rubripes	ENSTRUP00000045145	838	E5	161	201
takifugu_rubripes	Takifugu rubripes	ENSTRUP00000045145	838	E6	202	265
takifugu_rubripes	Takifugu rubripes	ENSTRUP00000045145	838	E7	265	302
takifugu_rubripes	Takifugu rubripes	ENSTRUP00000045145	838	E8	302	343
takifugu_rubripes	Takifugu rubripes	ENSTRUP00000045145	838	E9	343	389
takifugu_rubripes	Takifugu rubripes	ENSTRUP00000045145	838	E10	390	456
takifugu_rubripes	Takifugu rubripes	ENSTRUP00000045145	838	E11	456	502
takifugu_rubripes	Takifugu rubripes	ENSTRUP00000045145	838	E12	503	566
takifugu_rubripes	Takifugu rubripes	ENSTRUP00000045145	838	E13	566	607
takifugu_rubripes	Takifugu rubripes	ENSTRUP00000045145	838	E14	608	666
takifugu_rubripes	Takifugu rubripes	ENSTRUP00000045145	838	E15	666	691
takifugu_rubripes	Takifugu rubripes	ENSTRUP00000045145	838	E16	691	777
takifugu_rubripes	Takifugu rubripes	ENSTRUP00000045145	838	E17	777	837
oreochromis_niloticus	Oreochromis niloticus	ENSONIP00000063320	812	E1	1	39
oreochromis_niloticus	Oreochromis niloticus	ENSONIP00000063320	812	E2	40	125
oreochromis_niloticus	Oreochromis niloticus	ENSONIP00000063320	812	E3	125	150
oreochromis_niloticus	Oreochromis niloticus	ENSONIP00000063320	812	E4	150	206
oreochromis_niloticus	Oreochromis niloticus	ENSONIP00000063320	812	E5	207	248
oreochromis_niloticus	Oreochromis niloticus	ENSONIP00000063320	812	E6	248	311
oreochromis_niloticus	Oreochromis niloticus	ENSONIP00000063320	812	E7	312	360
oreochromis_niloticus	Oreochromis niloticus	ENSONIP00000063320	812	E8	360	424
oreochromis_niloticus	Oreochromis niloticus	ENSONIP00000063320	812	E9	425	471
oreochromis_niloticus	Oreochromis niloticus	ENSONIP00000063320	812	E10	471	512
oreochromis_niloticus	Oreochromis niloticus	ENSONIP00000063320	812	E11	512	549
oreochromis_niloticus	Oreochromis niloticus	ENSONIP00000063320	812	E12	549	612
oreochromis_niloticus	Oreochromis niloticus	ENSONIP00000063320	812	E13	613	653
oreochromis_niloticus	Oreochromis niloticus	ENSONIP00000063320	812	E14	654	677
oreochromis_niloticus	Oreochromis niloticus	ENSONIP00000063320	812	E15	677	723
oreochromis_niloticus	Oreochromis niloticus	ENSONIP00000063320	812	E16	723	758
oreochromis_niloticus	Oreochromis niloticus	ENSONIP00000063320	812	E17	759	812
