comparable_boundary_group_id	mapping_method	mapping_status	mapping_confidence	msa_column	species_id	scientific_name	taxonomic_group	protein_id	transcript_id	boundary_id	exon_transition	native_position	nearest_domain_instance_id	nearest_domain_accession	nearest_domain_label	nearest_domain_start	nearest_domain_end	nearest_edge	nearest_edge_position	signed_distance	absolute_distance	boundary_class	domain_annotation_available
CBG3	msa_aligned_position	tentative	0.067	371	homo_sapiens	Homo sapiens	Primates	ENSP00000351276	ENST00000358487	ENSP00000351276:E3_E4	E3 → E4	137	IPR007110:45-110	IPR007110	Ig1	45	110	end	110	27	27	outside_annotated_domains	true
CBG3	msa_aligned_position	tentative	0.067	373	takifugu_rubripes	Takifugu rubripes	Teleost fish	ENSTRUP00000045145	ENSTRUT00000045297	ENSTRUP00000045145:E4_E5	E4 → E5	160	IPR007110:71-132	IPR007110	Ig1	71	132	end	132	28	28	outside_annotated_domains	true
CBG15	msa_aligned_position	supported_comparable	0.733	159	pan_troglodytes	Pan troglodytes	Primates	XP_054516514.1	XM_054660539.2	XP_054516514.1:E1_E2	E1 → E2	56	IPR007110:64-129	IPR007110	Ig1	64	129	start	64	-8	8	outside_annotated_domains	true
CBG15	msa_aligned_position	supported_comparable	0.733	159	pongo_abelii	Pongo abelii	Primates	XP_024108704.1	XM_024252936	XP_024108704.1:E1_E2	E1 → E2	56	IPR007110:64-129	IPR007110	Ig1	64	129	start	64	-8	8	outside_annotated_domains	true
CBG15	msa_aligned_position	supported_comparable	0.733	159	macaca_mulatta	Macaca mulatta	Primates	XP_077803775.1	XM_077947649.1	XP_077803775.1:E1_E2	E1 → E2	56	IPR007110:64-129	IPR007110	Ig1	64	129	start	64	-8	8	outside_annotated_domains	true
CBG15	msa_aligned_position	supported_comparable	0.733	159	callithrix_jacchus	Callithrix jacchus	Primates	XP_078202765.1	XM_078346639.1	XP_078202765.1:E1_E2	E1 → E2	56	IPR007110:64-129	IPR007110	Ig1	64	129	start	64	-8	8	outside_annotated_domains	true
CBG15	msa_aligned_position	supported_comparable	0.733	159	rattus_norvegicus	Rattus norvegicus	Other mammals	XP_063137149.1	XM_063281079.1	XP_063137149.1:E1_E2	E1 → E2	56	IPR007110:64-128	IPR007110	Ig1	64	128	start	64	-8	8	outside_annotated_domains	true
CBG15	msa_aligned_position	supported_comparable	0.733	159	oryctolagus_cuniculus	Oryctolagus cuniculus	Other mammals	XP_069913096.1	XM_070056995.1	XP_069913096.1:E1_E2	E1 → E2	56	IPR007110:64-128	IPR007110	Ig1	64	128	start	64	-8	8	outside_annotated_domains	true
CBG15	msa_aligned_position	supported_comparable	0.733	159	felis_catus	Felis catus	Other mammals	XP_044896695.1	XM_045040760.1	XP_044896695.1:E1_E2	E1 → E2	57	IPR007110:65-129	IPR007110	Ig1	65	129	start	65	-8	8	outside_annotated_domains	true
CBG15	msa_aligned_position	supported_comparable	0.733	159	bos_taurus	Bos taurus	Other mammals	XP_059737724.1	XM_059881741.1	XP_059737724.1:E1_E2	E1 → E2	56	IPR007110:64-128	IPR007110	Ig1	64	128	start	64	-8	8	outside_annotated_domains	true
CBG15	msa_aligned_position	supported_comparable	0.733	159	sus_scrofa	Sus scrofa	Other mammals	XP_084849197.1	XM_084993071.1	XP_084849197.1:E1_E2	E1 → E2	56	IPR007110:64-128	IPR007110	Ig1	64	128	start	64	-8	8	outside_annotated_domains	true
CBG15	msa_aligned_position	supported_comparable	0.733	159	equus_caballus	Equus caballus	Other mammals	XP_014588430.1	XM_014732944.3	XP_014588430.1:E2_E3	E2 → E3	106	IPR007110:114-178	IPR007110	Ig1	114	178	start	114	-8	8	outside_annotated_domains	true
CBG15	msa_aligned_position	supported_comparable	0.733	159	ovis_aries	Ovis aries	Other mammals	XP_060260490.1	XM_060404507.1	XP_060260490.1:E1_E2	E1 → E2	56	IPR007110:64-128	IPR007110	Ig1	64	128	start	64	-8	8	outside_annotated_domains	true
CBG15	msa_aligned_position	supported_comparable	0.733	159	monodelphis_domestica	Monodelphis domestica	Other mammals	XP_056659242.1	XM_056803264.1	XP_056659242.1:E1_E2	E1 → E2	56	IPR013098:65-142	IPR013098	Ig1	65	142	start	65	-9	9	outside_annotated_domains	true
CBG15	msa_aligned_position	supported_comparable	0.733	159	ornithorhynchus_anatinus	Ornithorhynchus anatinus	Other mammals	XP_028936644.1	XM_029080811.2	XP_028936644.1:E1_E2	E1 → E2	56	IPR013151:69-137	IPR013151	Ig1	69	137	start	69	-13	13	outside_annotated_domains	true
CBG15	msa_aligned_position	supported_comparable	0.733	159	gallus_gallus	Gallus gallus	Birds	NP_990650.2	NM_205319.4	NP_990650.2:E1_E2	E1 → E2	59	IPR007110:67-131	IPR007110	Ig1	67	131	start	67	-8	8	outside_annotated_domains	true
CBG15	msa_aligned_position	supported_comparable	0.733	159	taeniopygia_guttata	Taeniopygia guttata	Birds	XP_072787409.1	XM_072931308.1	XP_072787409.1:E2_E3	E2 → E3	107	IPR007110:115-179	IPR007110	Ig1	115	179	start	115	-8	8	outside_annotated_domains	true
CBG15	msa_aligned_position	supported_comparable	0.733	159	anolis_carolinensis	Anolis carolinensis	Reptiles	XP_062832081.1	XM_062976011.1	XP_062832081.1:E2_E3	E2 → E3	94	IPR007110:102-166	IPR007110	Ig1	102	166	start	102	-8	8	outside_annotated_domains	true
CBG15	msa_aligned_position	supported_comparable	0.733	159	alligator_mississippiensis	Alligator mississippiensis	Reptiles	XP_006266188.1	XM_006266126.4	XP_006266188.1:E1_E2	E1 → E2	59	IPR007110:67-131	IPR007110	Ig1	67	131	start	67	-8	8	outside_annotated_domains	true
CBG15	msa_aligned_position	supported_comparable	0.733	159	chrysemys_picta_bellii	Chrysemys picta bellii	Reptiles	XP_065408413.1	XM_065552341.1	XP_065408413.1:E1_E2	E1 → E2	59	IPR007110:67-129	IPR007110	Ig1	67	129	start	67	-8	8	outside_annotated_domains	true
CBG15	msa_aligned_position	supported_comparable	0.733	159	ambystoma_mexicanum	Ambystoma mexicanum	Amphibians	XP_069468056.1	XM_069611955.1	XP_069468056.1:E1_E2	E1 → E2	56	IPR007110:58-144	IPR007110	Ig1	58	144	start	58	-2	2	near_domain_edge	true
CBG15	msa_aligned_position	supported_comparable	0.733	159	danio_rerio	Danio rerio	Teleost fish	XP_068081038.1	XM_068224937.2	XP_068081038.1:E1_E2	E1 → E2	61	IPR013098:75-137	IPR013098	Ig1	75	137	start	75	-14	14	outside_annotated_domains	true
CBG15	msa_aligned_position	supported_comparable	0.733	159	oryzias_latipes	Oryzias latipes	Teleost fish	XP_078787744.1	XM_078931618.1	XP_078787744.1:E1_E2	E1 → E2	57	IPR007110:67-128	IPR007110	Ig1	67	128	start	67	-10	10	outside_annotated_domains	true
CBG15	msa_aligned_position	supported_comparable	0.733	159	oreochromis_niloticus	Oreochromis niloticus	Teleost fish	ENSONIP00000063320	ENSONIT00000047381	ENSONIP00000063320:E1_E2	E1 → E2	39	IPR007110:49-110	IPR007110	Ig1	49	110	start	49	-10	10	outside_annotated_domains	true
CBG16	msa_aligned_position	supported_comparable	0.733	356	pan_troglodytes	Pan troglodytes	Primates	XP_054516514.1	XM_054660539.2	XP_054516514.1:E2_E3	E2 → E3	145	IPR007110:64-129	IPR007110	Ig1	64	129	end	129	16	16	outside_annotated_domains	true
CBG16	msa_aligned_position	supported_comparable	0.733	356	pongo_abelii	Pongo abelii	Primates	XP_024108704.1	XM_024252936	XP_024108704.1:E2_E3	E2 → E3	145	IPR007110:64-129	IPR007110	Ig1	64	129	end	129	16	16	outside_annotated_domains	true
CBG16	msa_aligned_position	supported_comparable	0.733	356	macaca_mulatta	Macaca mulatta	Primates	XP_077803775.1	XM_077947649.1	XP_077803775.1:E2_E3	E2 → E3	145	IPR007110:64-129	IPR007110	Ig1	64	129	end	129	16	16	outside_annotated_domains	true
CBG16	msa_aligned_position	supported_comparable	0.733	356	callithrix_jacchus	Callithrix jacchus	Primates	XP_078202765.1	XM_078346639.1	XP_078202765.1:E2_E3	E2 → E3	145	IPR007110:64-129	IPR007110	Ig1	64	129	end	129	16	16	outside_annotated_domains	true
CBG16	msa_aligned_position	supported_comparable	0.733	356	rattus_norvegicus	Rattus norvegicus	Other mammals	XP_063137149.1	XM_063281079.1	XP_063137149.1:E2_E3	E2 → E3	145	IPR007110:64-128	IPR007110	Ig1	64	128	end	128	17	17	outside_annotated_domains	true
CBG16	msa_aligned_position	supported_comparable	0.733	356	oryctolagus_cuniculus	Oryctolagus cuniculus	Other mammals	XP_069913096.1	XM_070056995.1	XP_069913096.1:E2_E3	E2 → E3	145	IPR007110:64-128	IPR007110	Ig1	64	128	end	128	17	17	outside_annotated_domains	true
CBG16	msa_aligned_position	supported_comparable	0.733	356	felis_catus	Felis catus	Other mammals	XP_044896695.1	XM_045040760.1	XP_044896695.1:E2_E3	E2 → E3	146	IPR007110:65-129	IPR007110	Ig1	65	129	end	129	17	17	outside_annotated_domains	true
CBG16	msa_aligned_position	supported_comparable	0.733	356	bos_taurus	Bos taurus	Other mammals	XP_059737724.1	XM_059881741.1	XP_059737724.1:E2_E3	E2 → E3	145	IPR007110:64-128	IPR007110	Ig1	64	128	end	128	17	17	outside_annotated_domains	true
CBG16	msa_aligned_position	supported_comparable	0.733	356	sus_scrofa	Sus scrofa	Other mammals	XP_084849197.1	XM_084993071.1	XP_084849197.1:E2_E3	E2 → E3	145	IPR007110:64-128	IPR007110	Ig1	64	128	end	128	17	17	outside_annotated_domains	true
CBG16	msa_aligned_position	supported_comparable	0.733	356	equus_caballus	Equus caballus	Other mammals	XP_014588430.1	XM_014732944.3	XP_014588430.1:E3_E4	E3 → E4	195	IPR007110:114-178	IPR007110	Ig1	114	178	end	178	17	17	outside_annotated_domains	true
CBG16	msa_aligned_position	supported_comparable	0.733	356	ovis_aries	Ovis aries	Other mammals	XP_060260490.1	XM_060404507.1	XP_060260490.1:E2_E3	E2 → E3	145	IPR007110:64-128	IPR007110	Ig1	64	128	end	128	17	17	outside_annotated_domains	true
CBG16	msa_aligned_position	supported_comparable	0.733	356	monodelphis_domestica	Monodelphis domestica	Other mammals	XP_056659242.1	XM_056803264.1	XP_056659242.1:E2_E3	E2 → E3	145	IPR013098:65-142	IPR013098	Ig1	65	142	end	142	3	3	near_domain_edge	true
CBG16	msa_aligned_position	supported_comparable	0.733	356	ornithorhynchus_anatinus	Ornithorhynchus anatinus	Other mammals	XP_028936644.1	XM_029080811.2	XP_028936644.1:E2_E3	E2 → E3	145	IPR013151:69-137	IPR013151	Ig1	69	137	end	137	8	8	outside_annotated_domains	true
CBG16	msa_aligned_position	supported_comparable	0.733	356	gallus_gallus	Gallus gallus	Birds	NP_990650.2	NM_205319.4	NP_990650.2:E2_E3	E2 → E3	148	IPR007110:67-131	IPR007110	Ig1	67	131	end	131	17	17	outside_annotated_domains	true
CBG16	msa_aligned_position	supported_comparable	0.733	356	taeniopygia_guttata	Taeniopygia guttata	Birds	XP_072787409.1	XM_072931308.1	XP_072787409.1:E3_E4	E3 → E4	196	IPR007110:115-179	IPR007110	Ig1	115	179	end	179	17	17	outside_annotated_domains	true
CBG16	msa_aligned_position	supported_comparable	0.733	356	anolis_carolinensis	Anolis carolinensis	Reptiles	XP_062832081.1	XM_062976011.1	XP_062832081.1:E3_E4	E3 → E4	179	IPR007110:102-166	IPR007110	Ig1	102	166	end	166	13	13	outside_annotated_domains	true
CBG16	msa_aligned_position	supported_comparable	0.733	356	alligator_mississippiensis	Alligator mississippiensis	Reptiles	XP_006266188.1	XM_006266126.4	XP_006266188.1:E2_E3	E2 → E3	148	IPR007110:67-131	IPR007110	Ig1	67	131	end	131	17	17	outside_annotated_domains	true
CBG16	msa_aligned_position	supported_comparable	0.733	356	chrysemys_picta_bellii	Chrysemys picta bellii	Reptiles	XP_065408413.1	XM_065552341.1	XP_065408413.1:E2_E3	E2 → E3	146	IPR007110:67-129	IPR007110	Ig1	67	129	end	129	17	17	outside_annotated_domains	true
CBG16	msa_aligned_position	supported_comparable	0.733	356	ambystoma_mexicanum	Ambystoma mexicanum	Amphibians	XP_069468056.1	XM_069611955.1	XP_069468056.1:E2_E3	E2 → E3	145	IPR007110:58-144	IPR007110	Ig1	58	144	end	144	1	1	near_domain_edge	true
CBG16	msa_aligned_position	supported_comparable	0.733	356	danio_rerio	Danio rerio	Teleost fish	XP_068081038.1	XM_068224937.2	XP_068081038.1:E2_E3	E2 → E3	150	IPR013098:75-137	IPR013098	Ig1	75	137	end	137	13	13	outside_annotated_domains	true
CBG16	msa_aligned_position	supported_comparable	0.733	356	oryzias_latipes	Oryzias latipes	Teleost fish	XP_078787744.1	XM_078931618.1	XP_078787744.1:E2_E3	E2 → E3	143	IPR007110:67-128	IPR007110	Ig1	67	128	end	128	15	15	outside_annotated_domains	true
CBG16	msa_aligned_position	supported_comparable	0.733	356	oreochromis_niloticus	Oreochromis niloticus	Teleost fish	ENSONIP00000063320	ENSONIT00000047381	ENSONIP00000063320:E2_E3	E2 → E3	125	IPR007110:49-110	IPR007110	Ig1	49	110	end	110	15	15	outside_annotated_domains	true
CBG17	msa_aligned_position	supported_comparable	0.733	388	pan_troglodytes	Pan troglodytes	Primates	XP_054516514.1	XM_054660539.2	XP_054516514.1:E3_E4	E3 → E4	171	IPR013098:190-267	IPR013098	Ig2	190	267	start	190	-19	19	outside_annotated_domains	true
CBG17	msa_aligned_position	supported_comparable	0.733	388	pongo_abelii	Pongo abelii	Primates	XP_024108704.1	XM_024252936	XP_024108704.1:E3_E4	E3 → E4	171	IPR013098:190-267	IPR013098	Ig2	190	267	start	190	-19	19	outside_annotated_domains	true
CBG17	msa_aligned_position	supported_comparable	0.733	388	macaca_mulatta	Macaca mulatta	Primates	XP_077803775.1	XM_077947649.1	XP_077803775.1:E3_E4	E3 → E4	171	IPR013098:190-267	IPR013098	Ig2	190	267	start	190	-19	19	outside_annotated_domains	true
CBG17	msa_aligned_position	supported_comparable	0.733	388	callithrix_jacchus	Callithrix jacchus	Primates	XP_078202765.1	XM_078346639.1	XP_078202765.1:E3_E4	E3 → E4	171	IPR013098:190-267	IPR013098	Ig2	190	267	start	190	-19	19	outside_annotated_domains	true
CBG17	msa_aligned_position	supported_comparable	0.733	388	rattus_norvegicus	Rattus norvegicus	Other mammals	XP_063137149.1	XM_063281079.1	XP_063137149.1:E3_E4	E3 → E4	171	IPR013098:190-267	IPR013098	Ig2	190	267	start	190	-19	19	outside_annotated_domains	true
CBG17	msa_aligned_position	supported_comparable	0.733	388	oryctolagus_cuniculus	Oryctolagus cuniculus	Other mammals	XP_069913096.1	XM_070056995.1	XP_069913096.1:E3_E4	E3 → E4	171	IPR013098:190-267	IPR013098	Ig2	190	267	start	190	-19	19	outside_annotated_domains	true
CBG17	msa_aligned_position	supported_comparable	0.733	388	felis_catus	Felis catus	Other mammals	XP_044896695.1	XM_045040760.1	XP_044896695.1:E3_E4	E3 → E4	171	IPR013098:190-267	IPR013098	Ig2	190	267	start	190	-19	19	outside_annotated_domains	true
CBG17	msa_aligned_position	supported_comparable	0.733	388	bos_taurus	Bos taurus	Other mammals	XP_059737724.1	XM_059881741.1	XP_059737724.1:E3_E4	E3 → E4	171	IPR013098:190-267	IPR013098	Ig2	190	267	start	190	-19	19	outside_annotated_domains	true
CBG17	msa_aligned_position	supported_comparable	0.733	388	sus_scrofa	Sus scrofa	Other mammals	XP_084849197.1	XM_084993071.1	XP_084849197.1:E3_E4	E3 → E4	171	IPR013098:190-267	IPR013098	Ig2	190	267	start	190	-19	19	outside_annotated_domains	true
CBG17	msa_aligned_position	supported_comparable	0.733	388	equus_caballus	Equus caballus	Other mammals	XP_014588430.1	XM_014732944.3	XP_014588430.1:E4_E5	E4 → E5	221	IPR013098:240-317	IPR013098	Ig2	240	317	start	240	-19	19	outside_annotated_domains	true
CBG17	msa_aligned_position	supported_comparable	0.733	388	ovis_aries	Ovis aries	Other mammals	XP_060260490.1	XM_060404507.1	XP_060260490.1:E3_E4	E3 → E4	171	IPR013098:190-267	IPR013098	Ig2	190	267	start	190	-19	19	outside_annotated_domains	true
CBG17	msa_aligned_position	supported_comparable	0.733	388	monodelphis_domestica	Monodelphis domestica	Other mammals	XP_056659242.1	XM_056803264.1	XP_056659242.1:E3_E4	E3 → E4	170	IPR013098:189-266	IPR013098	Ig2	189	266	start	189	-19	19	outside_annotated_domains	true
CBG17	msa_aligned_position	supported_comparable	0.733	388	ornithorhynchus_anatinus	Ornithorhynchus anatinus	Other mammals	XP_028936644.1	XM_029080811.2	XP_028936644.1:E3_E4	E3 → E4	170	IPR013098:189-266	IPR013098	Ig2	189	266	start	189	-19	19	outside_annotated_domains	true
CBG17	msa_aligned_position	supported_comparable	0.733	388	gallus_gallus	Gallus gallus	Birds	NP_990650.2	NM_205319.4	NP_990650.2:E3_E4	E3 → E4	173	IPR013098:192-269	IPR013098	Ig2	192	269	start	192	-19	19	outside_annotated_domains	true
CBG17	msa_aligned_position	supported_comparable	0.733	388	taeniopygia_guttata	Taeniopygia guttata	Birds	XP_072787409.1	XM_072931308.1	XP_072787409.1:E4_E5	E4 → E5	221	IPR013098:240-317	IPR013098	Ig2	240	317	start	240	-19	19	outside_annotated_domains	true
CBG17	msa_aligned_position	supported_comparable	0.733	388	anolis_carolinensis	Anolis carolinensis	Reptiles	XP_062832081.1	XM_062976011.1	XP_062832081.1:E4_E5	E4 → E5	204	IPR013098:223-300	IPR013098	Ig2	223	300	start	223	-19	19	outside_annotated_domains	true
CBG17	msa_aligned_position	supported_comparable	0.733	388	alligator_mississippiensis	Alligator mississippiensis	Reptiles	XP_006266188.1	XM_006266126.4	XP_006266188.1:E3_E4	E3 → E4	173	IPR013098:192-269	IPR013098	Ig2	192	269	start	192	-19	19	outside_annotated_domains	true
CBG17	msa_aligned_position	supported_comparable	0.733	388	chrysemys_picta_bellii	Chrysemys picta bellii	Reptiles	XP_065408413.1	XM_065552341.1	XP_065408413.1:E3_E4	E3 → E4	171	IPR013098:190-267	IPR013098	Ig2	190	267	start	190	-19	19	outside_annotated_domains	true
CBG17	msa_aligned_position	supported_comparable	0.733	388	ambystoma_mexicanum	Ambystoma mexicanum	Amphibians	XP_069468056.1	XM_069611955.1	XP_069468056.1:E3_E4	E3 → E4	170	IPR013098:189-266	IPR013098	Ig2	189	266	start	189	-19	19	outside_annotated_domains	true
CBG17	msa_aligned_position	supported_comparable	0.733	388	danio_rerio	Danio rerio	Teleost fish	XP_068081038.1	XM_068224937.2	XP_068081038.1:E3_E4	E3 → E4	175	IPR013098:193-271	IPR013098	Ig2	193	271	start	193	-18	18	outside_annotated_domains	true
CBG17	msa_aligned_position	supported_comparable	0.733	388	oryzias_latipes	Oryzias latipes	Teleost fish	XP_078787744.1	XM_078931618.1	XP_078787744.1:E3_E4	E3 → E4	168	IPR013098:187-264	IPR013098	Ig2	187	264	start	187	-19	19	outside_annotated_domains	true
CBG17	msa_aligned_position	supported_comparable	0.733	388	oreochromis_niloticus	Oreochromis niloticus	Teleost fish	ENSONIP00000063320	ENSONIT00000047381	ENSONIP00000063320:E3_E4	E3 → E4	150	IPR013098:168-246	IPR013098	Ig2	168	246	start	168	-18	18	outside_annotated_domains	true
CBG18	msa_aligned_position	supported_comparable	0.733	444	pan_troglodytes	Pan troglodytes	Primates	XP_054516514.1	XM_054660539.2	XP_054516514.1:E4_E5	E4 → E5	227	IPR013098:190-267	IPR013098	Ig2	190	267	start	190	37	37	inside_domain	true
CBG18	msa_aligned_position	supported_comparable	0.733	444	pongo_abelii	Pongo abelii	Primates	XP_024108704.1	XM_024252936	XP_024108704.1:E4_E5	E4 → E5	227	IPR013098:190-267	IPR013098	Ig2	190	267	start	190	37	37	inside_domain	true
CBG18	msa_aligned_position	supported_comparable	0.733	444	macaca_mulatta	Macaca mulatta	Primates	XP_077803775.1	XM_077947649.1	XP_077803775.1:E4_E5	E4 → E5	227	IPR013098:190-267	IPR013098	Ig2	190	267	start	190	37	37	inside_domain	true
CBG18	msa_aligned_position	supported_comparable	0.733	444	callithrix_jacchus	Callithrix jacchus	Primates	XP_078202765.1	XM_078346639.1	XP_078202765.1:E4_E5	E4 → E5	227	IPR013098:190-267	IPR013098	Ig2	190	267	start	190	37	37	inside_domain	true
CBG18	msa_aligned_position	supported_comparable	0.733	444	rattus_norvegicus	Rattus norvegicus	Other mammals	XP_063137149.1	XM_063281079.1	XP_063137149.1:E4_E5	E4 → E5	227	IPR013098:190-267	IPR013098	Ig2	190	267	start	190	37	37	inside_domain	true
CBG18	msa_aligned_position	supported_comparable	0.733	444	oryctolagus_cuniculus	Oryctolagus cuniculus	Other mammals	XP_069913096.1	XM_070056995.1	XP_069913096.1:E4_E5	E4 → E5	227	IPR013098:190-267	IPR013098	Ig2	190	267	start	190	37	37	inside_domain	true
CBG18	msa_aligned_position	supported_comparable	0.733	444	felis_catus	Felis catus	Other mammals	XP_044896695.1	XM_045040760.1	XP_044896695.1:E4_E5	E4 → E5	227	IPR013098:190-267	IPR013098	Ig2	190	267	start	190	37	37	inside_domain	true
CBG18	msa_aligned_position	supported_comparable	0.733	444	bos_taurus	Bos taurus	Other mammals	XP_059737724.1	XM_059881741.1	XP_059737724.1:E4_E5	E4 → E5	227	IPR013098:190-267	IPR013098	Ig2	190	267	start	190	37	37	inside_domain	true
CBG18	msa_aligned_position	supported_comparable	0.733	444	sus_scrofa	Sus scrofa	Other mammals	XP_084849197.1	XM_084993071.1	XP_084849197.1:E4_E5	E4 → E5	227	IPR013098:190-267	IPR013098	Ig2	190	267	start	190	37	37	inside_domain	true
CBG18	msa_aligned_position	supported_comparable	0.733	444	equus_caballus	Equus caballus	Other mammals	XP_014588430.1	XM_014732944.3	XP_014588430.1:E5_E6	E5 → E6	277	IPR013098:240-317	IPR013098	Ig2	240	317	start	240	37	37	inside_domain	true
CBG18	msa_aligned_position	supported_comparable	0.733	444	ovis_aries	Ovis aries	Other mammals	XP_060260490.1	XM_060404507.1	XP_060260490.1:E4_E5	E4 → E5	227	IPR013098:190-267	IPR013098	Ig2	190	267	start	190	37	37	inside_domain	true
CBG18	msa_aligned_position	supported_comparable	0.733	444	monodelphis_domestica	Monodelphis domestica	Other mammals	XP_056659242.1	XM_056803264.1	XP_056659242.1:E4_E5	E4 → E5	226	IPR013098:189-266	IPR013098	Ig2	189	266	start	189	37	37	inside_domain	true
CBG18	msa_aligned_position	supported_comparable	0.733	444	ornithorhynchus_anatinus	Ornithorhynchus anatinus	Other mammals	XP_028936644.1	XM_029080811.2	XP_028936644.1:E4_E5	E4 → E5	226	IPR013098:189-266	IPR013098	Ig2	189	266	start	189	37	37	inside_domain	true
CBG18	msa_aligned_position	supported_comparable	0.733	444	gallus_gallus	Gallus gallus	Birds	NP_990650.2	NM_205319.4	NP_990650.2:E4_E5	E4 → E5	229	IPR013098:192-269	IPR013098	Ig2	192	269	start	192	37	37	inside_domain	true
CBG18	msa_aligned_position	supported_comparable	0.733	444	taeniopygia_guttata	Taeniopygia guttata	Birds	XP_072787409.1	XM_072931308.1	XP_072787409.1:E5_E6	E5 → E6	277	IPR013098:240-317	IPR013098	Ig2	240	317	start	240	37	37	inside_domain	true
CBG18	msa_aligned_position	supported_comparable	0.733	444	anolis_carolinensis	Anolis carolinensis	Reptiles	XP_062832081.1	XM_062976011.1	XP_062832081.1:E5_E6	E5 → E6	260	IPR013098:223-300	IPR013098	Ig2	223	300	start	223	37	37	inside_domain	true
CBG18	msa_aligned_position	supported_comparable	0.733	444	alligator_mississippiensis	Alligator mississippiensis	Reptiles	XP_006266188.1	XM_006266126.4	XP_006266188.1:E4_E5	E4 → E5	229	IPR013098:192-269	IPR013098	Ig2	192	269	start	192	37	37	inside_domain	true
CBG18	msa_aligned_position	supported_comparable	0.733	444	chrysemys_picta_bellii	Chrysemys picta bellii	Reptiles	XP_065408413.1	XM_065552341.1	XP_065408413.1:E4_E5	E4 → E5	227	IPR013098:190-267	IPR013098	Ig2	190	267	start	190	37	37	inside_domain	true
CBG18	msa_aligned_position	supported_comparable	0.733	444	ambystoma_mexicanum	Ambystoma mexicanum	Amphibians	XP_069468056.1	XM_069611955.1	XP_069468056.1:E4_E5	E4 → E5	226	IPR013098:189-266	IPR013098	Ig2	189	266	start	189	37	37	inside_domain	true
CBG18	msa_aligned_position	supported_comparable	0.733	444	danio_rerio	Danio rerio	Teleost fish	XP_068081038.1	XM_068224937.2	XP_068081038.1:E4_E5	E4 → E5	231	IPR013098:193-271	IPR013098	Ig2	193	271	start	193	38	38	inside_domain	true
CBG18	msa_aligned_position	supported_comparable	0.733	444	oryzias_latipes	Oryzias latipes	Teleost fish	XP_078787744.1	XM_078931618.1	XP_078787744.1:E4_E5	E4 → E5	224	IPR013098:187-264	IPR013098	Ig2	187	264	start	187	37	37	inside_domain	true
CBG18	msa_aligned_position	supported_comparable	0.733	444	oreochromis_niloticus	Oreochromis niloticus	Teleost fish	ENSONIP00000063320	ENSONIT00000047381	ENSONIP00000063320:E4_E5	E4 → E5	206	IPR013098:168-246	IPR013098	Ig2	168	246	start	168	38	38	inside_domain	true
CBG19	msa_aligned_position	supported_comparable	0.733	486	pan_troglodytes	Pan troglodytes	Primates	XP_054516514.1	XM_054660539.2	XP_054516514.1:E5_E6	E5 → E6	269	IPR013098:190-267	IPR013098	Ig2	190	267	end	267	2	2	near_domain_edge	true
CBG19	msa_aligned_position	supported_comparable	0.733	486	pongo_abelii	Pongo abelii	Primates	XP_024108704.1	XM_024252936	XP_024108704.1:E5_E6	E5 → E6	269	IPR013098:190-267	IPR013098	Ig2	190	267	end	267	2	2	near_domain_edge	true
CBG19	msa_aligned_position	supported_comparable	0.733	486	macaca_mulatta	Macaca mulatta	Primates	XP_077803775.1	XM_077947649.1	XP_077803775.1:E5_E6	E5 → E6	269	IPR013098:190-267	IPR013098	Ig2	190	267	end	267	2	2	near_domain_edge	true
CBG19	msa_aligned_position	supported_comparable	0.733	486	callithrix_jacchus	Callithrix jacchus	Primates	XP_078202765.1	XM_078346639.1	XP_078202765.1:E5_E6	E5 → E6	269	IPR013098:190-267	IPR013098	Ig2	190	267	end	267	2	2	near_domain_edge	true
CBG19	msa_aligned_position	supported_comparable	0.733	486	rattus_norvegicus	Rattus norvegicus	Other mammals	XP_063137149.1	XM_063281079.1	XP_063137149.1:E5_E6	E5 → E6	269	IPR013098:190-267	IPR013098	Ig2	190	267	end	267	2	2	near_domain_edge	true
CBG19	msa_aligned_position	supported_comparable	0.733	486	oryctolagus_cuniculus	Oryctolagus cuniculus	Other mammals	XP_069913096.1	XM_070056995.1	XP_069913096.1:E5_E6	E5 → E6	269	IPR013098:190-267	IPR013098	Ig2	190	267	end	267	2	2	near_domain_edge	true
CBG19	msa_aligned_position	supported_comparable	0.733	486	felis_catus	Felis catus	Other mammals	XP_044896695.1	XM_045040760.1	XP_044896695.1:E5_E6	E5 → E6	269	IPR013098:190-267	IPR013098	Ig2	190	267	end	267	2	2	near_domain_edge	true
CBG19	msa_aligned_position	supported_comparable	0.733	486	bos_taurus	Bos taurus	Other mammals	XP_059737724.1	XM_059881741.1	XP_059737724.1:E5_E6	E5 → E6	269	IPR013098:190-267	IPR013098	Ig2	190	267	end	267	2	2	near_domain_edge	true
CBG19	msa_aligned_position	supported_comparable	0.733	486	sus_scrofa	Sus scrofa	Other mammals	XP_084849197.1	XM_084993071.1	XP_084849197.1:E5_E6	E5 → E6	269	IPR013098:190-267	IPR013098	Ig2	190	267	end	267	2	2	near_domain_edge	true
CBG19	msa_aligned_position	supported_comparable	0.733	486	equus_caballus	Equus caballus	Other mammals	XP_014588430.1	XM_014732944.3	XP_014588430.1:E6_E7	E6 → E7	319	IPR013098:240-317	IPR013098	Ig2	240	317	end	317	2	2	near_domain_edge	true
CBG19	msa_aligned_position	supported_comparable	0.733	486	ovis_aries	Ovis aries	Other mammals	XP_060260490.1	XM_060404507.1	XP_060260490.1:E5_E6	E5 → E6	269	IPR013098:190-267	IPR013098	Ig2	190	267	end	267	2	2	near_domain_edge	true
CBG19	msa_aligned_position	supported_comparable	0.733	486	monodelphis_domestica	Monodelphis domestica	Other mammals	XP_056659242.1	XM_056803264.1	XP_056659242.1:E5_E6	E5 → E6	268	IPR013098:189-266	IPR013098	Ig2	189	266	end	266	2	2	near_domain_edge	true
CBG19	msa_aligned_position	supported_comparable	0.733	486	ornithorhynchus_anatinus	Ornithorhynchus anatinus	Other mammals	XP_028936644.1	XM_029080811.2	XP_028936644.1:E5_E6	E5 → E6	268	IPR013098:189-266	IPR013098	Ig2	189	266	end	266	2	2	near_domain_edge	true
CBG19	msa_aligned_position	supported_comparable	0.733	486	gallus_gallus	Gallus gallus	Birds	NP_990650.2	NM_205319.4	NP_990650.2:E5_E6	E5 → E6	271	IPR013098:192-269	IPR013098	Ig2	192	269	end	269	2	2	near_domain_edge	true
CBG19	msa_aligned_position	supported_comparable	0.733	486	taeniopygia_guttata	Taeniopygia guttata	Birds	XP_072787409.1	XM_072931308.1	XP_072787409.1:E6_E7	E6 → E7	319	IPR013098:240-317	IPR013098	Ig2	240	317	end	317	2	2	near_domain_edge	true
CBG19	msa_aligned_position	supported_comparable	0.733	486	anolis_carolinensis	Anolis carolinensis	Reptiles	XP_062832081.1	XM_062976011.1	XP_062832081.1:E6_E7	E6 → E7	302	IPR013098:223-300	IPR013098	Ig2	223	300	end	300	2	2	near_domain_edge	true
CBG19	msa_aligned_position	supported_comparable	0.733	486	alligator_mississippiensis	Alligator mississippiensis	Reptiles	XP_006266188.1	XM_006266126.4	XP_006266188.1:E5_E6	E5 → E6	271	IPR013098:192-269	IPR013098	Ig2	192	269	end	269	2	2	near_domain_edge	true
CBG19	msa_aligned_position	supported_comparable	0.733	486	chrysemys_picta_bellii	Chrysemys picta bellii	Reptiles	XP_065408413.1	XM_065552341.1	XP_065408413.1:E5_E6	E5 → E6	269	IPR013098:190-267	IPR013098	Ig2	190	267	end	267	2	2	near_domain_edge	true
CBG19	msa_aligned_position	supported_comparable	0.733	486	ambystoma_mexicanum	Ambystoma mexicanum	Amphibians	XP_069468056.1	XM_069611955.1	XP_069468056.1:E5_E6	E5 → E6	268	IPR013098:189-266	IPR013098	Ig2	189	266	end	266	2	2	near_domain_edge	true
CBG19	msa_aligned_position	supported_comparable	0.733	486	danio_rerio	Danio rerio	Teleost fish	XP_068081038.1	XM_068224937.2	XP_068081038.1:E5_E6	E5 → E6	273	IPR013098:193-271	IPR013098	Ig2	193	271	end	271	2	2	near_domain_edge	true
CBG19	msa_aligned_position	supported_comparable	0.733	486	oryzias_latipes	Oryzias latipes	Teleost fish	XP_078787744.1	XM_078931618.1	XP_078787744.1:E5_E6	E5 → E6	266	IPR013098:187-264	IPR013098	Ig2	187	264	end	264	2	2	near_domain_edge	true
CBG19	msa_aligned_position	supported_comparable	0.733	486	oreochromis_niloticus	Oreochromis niloticus	Teleost fish	ENSONIP00000063320	ENSONIT00000047381	ENSONIP00000063320:E5_E6	E5 → E6	248	IPR013098:168-246	IPR013098	Ig2	168	246	end	246	2	2	near_domain_edge	true
CBG20	msa_aligned_position	supported_comparable	0.733	549	pan_troglodytes	Pan troglodytes	Primates	XP_054516514.1	XM_054660539.2	XP_054516514.1:E6_E7	E6 → E7	332	IPR007110:285-365	IPR007110	Ig3	285	365	end	365	-33	33	inside_domain	true
CBG20	msa_aligned_position	supported_comparable	0.733	549	pongo_abelii	Pongo abelii	Primates	XP_024108704.1	XM_024252936	XP_024108704.1:E6_E7	E6 → E7	332	IPR007110:285-365	IPR007110	Ig3	285	365	end	365	-33	33	inside_domain	true
CBG20	msa_aligned_position	supported_comparable	0.733	549	macaca_mulatta	Macaca mulatta	Primates	XP_077803775.1	XM_077947649.1	XP_077803775.1:E6_E7	E6 → E7	332	IPR007110:285-365	IPR007110	Ig3	285	365	end	365	-33	33	inside_domain	true
CBG20	msa_aligned_position	supported_comparable	0.733	549	callithrix_jacchus	Callithrix jacchus	Primates	XP_078202765.1	XM_078346639.1	XP_078202765.1:E6_E7	E6 → E7	332	IPR007110:285-365	IPR007110	Ig3	285	365	end	365	-33	33	inside_domain	true
CBG20	msa_aligned_position	supported_comparable	0.733	549	rattus_norvegicus	Rattus norvegicus	Other mammals	XP_063137149.1	XM_063281079.1	XP_063137149.1:E6_E7	E6 → E7	332	IPR007110:285-365	IPR007110	Ig3	285	365	end	365	-33	33	inside_domain	true
CBG20	msa_aligned_position	supported_comparable	0.733	549	oryctolagus_cuniculus	Oryctolagus cuniculus	Other mammals	XP_069913096.1	XM_070056995.1	XP_069913096.1:E6_E7	E6 → E7	332	IPR007110:285-365	IPR007110	Ig3	285	365	end	365	-33	33	inside_domain	true
CBG20	msa_aligned_position	supported_comparable	0.733	549	felis_catus	Felis catus	Other mammals	XP_044896695.1	XM_045040760.1	XP_044896695.1:E6_E7	E6 → E7	332	IPR007110:285-365	IPR007110	Ig3	285	365	end	365	-33	33	inside_domain	true
CBG20	msa_aligned_position	supported_comparable	0.733	549	bos_taurus	Bos taurus	Other mammals	XP_059737724.1	XM_059881741.1	XP_059737724.1:E6_E7	E6 → E7	332	IPR007110:285-365	IPR007110	Ig3	285	365	end	365	-33	33	inside_domain	true
CBG20	msa_aligned_position	supported_comparable	0.733	549	sus_scrofa	Sus scrofa	Other mammals	XP_084849197.1	XM_084993071.1	XP_084849197.1:E6_E7	E6 → E7	332	IPR007110:285-365	IPR007110	Ig3	285	365	end	365	-33	33	inside_domain	true
CBG20	msa_aligned_position	supported_comparable	0.733	549	equus_caballus	Equus caballus	Other mammals	XP_014588430.1	XM_014732944.3	XP_014588430.1:E7_E8	E7 → E8	382	IPR007110:335-415	IPR007110	Ig3	335	415	end	415	-33	33	inside_domain	true
CBG20	msa_aligned_position	supported_comparable	0.733	549	ovis_aries	Ovis aries	Other mammals	XP_060260490.1	XM_060404507.1	XP_060260490.1:E6_E7	E6 → E7	332	IPR007110:285-365	IPR007110	Ig3	285	365	end	365	-33	33	inside_domain	true
CBG20	msa_aligned_position	supported_comparable	0.733	549	monodelphis_domestica	Monodelphis domestica	Other mammals	XP_056659242.1	XM_056803264.1	XP_056659242.1:E6_E7	E6 → E7	331	IPR007110:284-364	IPR007110	Ig3	284	364	end	364	-33	33	inside_domain	true
CBG20	msa_aligned_position	supported_comparable	0.733	549	ornithorhynchus_anatinus	Ornithorhynchus anatinus	Other mammals	XP_028936644.1	XM_029080811.2	XP_028936644.1:E6_E7	E6 → E7	331	IPR007110:284-364	IPR007110	Ig3	284	364	end	364	-33	33	inside_domain	true
CBG20	msa_aligned_position	supported_comparable	0.733	549	gallus_gallus	Gallus gallus	Birds	NP_990650.2	NM_205319.4	NP_990650.2:E6_E7	E6 → E7	334	IPR007110:286-367	IPR007110	Ig3	286	367	end	367	-33	33	inside_domain	true
CBG20	msa_aligned_position	supported_comparable	0.733	549	taeniopygia_guttata	Taeniopygia guttata	Birds	XP_072787409.1	XM_072931308.1	XP_072787409.1:E7_E8	E7 → E8	382	IPR007110:334-415	IPR007110	Ig3	334	415	end	415	-33	33	inside_domain	true
CBG20	msa_aligned_position	supported_comparable	0.733	549	anolis_carolinensis	Anolis carolinensis	Reptiles	XP_062832081.1	XM_062976011.1	XP_062832081.1:E7_E8	E7 → E8	365	IPR013098:315-411	IPR013098	Ig3	315	411	end	411	-46	46	inside_domain	true
CBG20	msa_aligned_position	supported_comparable	0.733	549	alligator_mississippiensis	Alligator mississippiensis	Reptiles	XP_006266188.1	XM_006266126.4	XP_006266188.1:E6_E7	E6 → E7	334	IPR013098:284-380	IPR013098	Ig3	284	380	end	380	-46	46	inside_domain	true
CBG20	msa_aligned_position	supported_comparable	0.733	549	chrysemys_picta_bellii	Chrysemys picta bellii	Reptiles	XP_065408413.1	XM_065552341.1	XP_065408413.1:E6_E7	E6 → E7	332	IPR007110:284-365	IPR007110	Ig3	284	365	end	365	-33	33	inside_domain	true
CBG20	msa_aligned_position	supported_comparable	0.733	549	ambystoma_mexicanum	Ambystoma mexicanum	Amphibians	XP_069468056.1	XM_069611955.1	XP_069468056.1:E6_E7	E6 → E7	331	IPR013098:281-377	IPR013098	Ig3	281	377	end	377	-46	46	inside_domain	true
CBG20	msa_aligned_position	supported_comparable	0.733	549	danio_rerio	Danio rerio	Teleost fish	XP_068081038.1	XM_068224937.2	XP_068081038.1:E6_E7	E6 → E7	336	IPR013098:286-382	IPR013098	Ig3	286	382	end	382	-46	46	inside_domain	true
CBG20	msa_aligned_position	supported_comparable	0.733	549	oryzias_latipes	Oryzias latipes	Teleost fish	XP_078787744.1	XM_078931618.1	XP_078787744.1:E6_E7	E6 → E7	329	IPR013098:279-375	IPR013098	Ig3	279	375	end	375	-46	46	inside_domain	true
CBG20	msa_aligned_position	supported_comparable	0.733	549	oreochromis_niloticus	Oreochromis niloticus	Teleost fish	ENSONIP00000063320	ENSONIT00000047381	ENSONIP00000063320:E6_E7	E6 → E7	311	IPR013098:261-357	IPR013098	Ig3	261	357	end	357	-46	46	inside_domain	true
CBG21	msa_aligned_position	supported_comparable	0.533	604	pan_troglodytes	Pan troglodytes	Primates	XP_054516514.1	XM_054660539.2	XP_054516514.1:E7_E8	E7 → E8	382	IPR007110:285-365	IPR007110	Ig3	285	365	end	365	17	17	outside_annotated_domains	true
CBG21	msa_aligned_position	supported_comparable	0.533	604	macaca_mulatta	Macaca mulatta	Primates	XP_077803775.1	XM_077947649.1	XP_077803775.1:E7_E8	E7 → E8	382	IPR007110:285-365	IPR007110	Ig3	285	365	end	365	17	17	outside_annotated_domains	true
CBG21	msa_aligned_position	supported_comparable	0.533	604	callithrix_jacchus	Callithrix jacchus	Primates	XP_078202765.1	XM_078346639.1	XP_078202765.1:E7_E8	E7 → E8	382	IPR007110:285-365	IPR007110	Ig3	285	365	end	365	17	17	outside_annotated_domains	true
CBG21	msa_aligned_position	supported_comparable	0.533	604	rattus_norvegicus	Rattus norvegicus	Other mammals	XP_063137149.1	XM_063281079.1	XP_063137149.1:E7_E8	E7 → E8	382	IPR007110:285-365	IPR007110	Ig3	285	365	end	365	17	17	outside_annotated_domains	true
CBG21	msa_aligned_position	supported_comparable	0.533	604	oryctolagus_cuniculus	Oryctolagus cuniculus	Other mammals	XP_069913096.1	XM_070056995.1	XP_069913096.1:E7_E8	E7 → E8	382	IPR007110:285-365	IPR007110	Ig3	285	365	end	365	17	17	outside_annotated_domains	true
CBG21	msa_aligned_position	supported_comparable	0.533	604	felis_catus	Felis catus	Other mammals	XP_044896695.1	XM_045040760.1	XP_044896695.1:E7_E8	E7 → E8	382	IPR007110:285-365	IPR007110	Ig3	285	365	end	365	17	17	outside_annotated_domains	true
CBG21	msa_aligned_position	supported_comparable	0.533	604	bos_taurus	Bos taurus	Other mammals	XP_059737724.1	XM_059881741.1	XP_059737724.1:E7_E8	E7 → E8	382	IPR007110:285-365	IPR007110	Ig3	285	365	end	365	17	17	outside_annotated_domains	true
CBG21	msa_aligned_position	supported_comparable	0.533	604	sus_scrofa	Sus scrofa	Other mammals	XP_084849197.1	XM_084993071.1	XP_084849197.1:E7_E8	E7 → E8	382	IPR007110:285-365	IPR007110	Ig3	285	365	end	365	17	17	outside_annotated_domains	true
CBG21	msa_aligned_position	supported_comparable	0.533	604	equus_caballus	Equus caballus	Other mammals	XP_014588430.1	XM_014732944.3	XP_014588430.1:E8_E9	E8 → E9	432	IPR007110:335-415	IPR007110	Ig3	335	415	end	415	17	17	outside_annotated_domains	true
CBG21	msa_aligned_position	supported_comparable	0.533	604	ovis_aries	Ovis aries	Other mammals	XP_060260490.1	XM_060404507.1	XP_060260490.1:E7_E8	E7 → E8	382	IPR007110:285-365	IPR007110	Ig3	285	365	end	365	17	17	outside_annotated_domains	true
CBG21	msa_aligned_position	supported_comparable	0.533	604	monodelphis_domestica	Monodelphis domestica	Other mammals	XP_056659242.1	XM_056803264.1	XP_056659242.1:E7_E8	E7 → E8	381	IPR007110:284-364	IPR007110	Ig3	284	364	end	364	17	17	outside_annotated_domains	true
CBG21	msa_aligned_position	supported_comparable	0.533	604	ornithorhynchus_anatinus	Ornithorhynchus anatinus	Other mammals	XP_028936644.1	XM_029080811.2	XP_028936644.1:E7_E8	E7 → E8	381	IPR007110:284-364	IPR007110	Ig3	284	364	end	364	17	17	outside_annotated_domains	true
CBG21	msa_aligned_position	supported_comparable	0.533	604	gallus_gallus	Gallus gallus	Birds	NP_990650.2	NM_205319.4	NP_990650.2:E7_E8	E7 → E8	384	IPR007110:286-367	IPR007110	Ig3	286	367	end	367	17	17	outside_annotated_domains	true
CBG21	msa_aligned_position	supported_comparable	0.533	604	taeniopygia_guttata	Taeniopygia guttata	Birds	XP_072787409.1	XM_072931308.1	XP_072787409.1:E8_E9	E8 → E9	432	IPR007110:334-415	IPR007110	Ig3	334	415	end	415	17	17	outside_annotated_domains	true
CBG21	msa_aligned_position	supported_comparable	0.533	604	alligator_mississippiensis	Alligator mississippiensis	Reptiles	XP_006266188.1	XM_006266126.4	XP_006266188.1:E7_E8	E7 → E8	384	IPR013098:284-380	IPR013098	Ig3	284	380	end	380	4	4	near_domain_edge	true
CBG21	msa_aligned_position	supported_comparable	0.533	604	ambystoma_mexicanum	Ambystoma mexicanum	Amphibians	XP_069468056.1	XM_069611955.1	XP_069468056.1:E7_E8	E7 → E8	380	IPR013098:281-377	IPR013098	Ig3	281	377	end	377	3	3	near_domain_edge	true
CBG22	msa_aligned_position	supported_comparable	0.233	672	pan_troglodytes	Pan troglodytes	Primates	XP_054516514.1	XM_054660539.2	XP_054516514.1:E8_E9	E8 → E9	450	IPR001245:456-789	IPR001245	kinase	456	789	start	456	-6	6	outside_annotated_domains	true
CBG22	msa_aligned_position	supported_comparable	0.233	672	callithrix_jacchus	Callithrix jacchus	Primates	XP_078202765.1	XM_078346639.1	XP_078202765.1:E8_E9	E8 → E9	450	IPR001245:456-789	IPR001245	kinase	456	789	start	456	-6	6	outside_annotated_domains	true
CBG22	msa_aligned_position	supported_comparable	0.233	672	rattus_norvegicus	Rattus norvegicus	Other mammals	XP_063137149.1	XM_063281079.1	XP_063137149.1:E8_E9	E8 → E9	450	IPR001245:456-789	IPR001245	kinase	456	789	start	456	-6	6	outside_annotated_domains	true
CBG22	msa_aligned_position	supported_comparable	0.233	672	bos_taurus	Bos taurus	Other mammals	XP_059737724.1	XM_059881741.1	XP_059737724.1:E8_E9	E8 → E9	450	IPR001245:456-789	IPR001245	kinase	456	789	start	456	-6	6	outside_annotated_domains	true
CBG22	msa_aligned_position	supported_comparable	0.233	672	sus_scrofa	Sus scrofa	Other mammals	XP_084849197.1	XM_084993071.1	XP_084849197.1:E8_E9	E8 → E9	450	IPR001245:456-780	IPR001245	kinase	456	780	start	456	-6	6	outside_annotated_domains	true
CBG22	msa_aligned_position	supported_comparable	0.233	672	ovis_aries	Ovis aries	Other mammals	XP_060260490.1	XM_060404507.1	XP_060260490.1:E8_E9	E8 → E9	450	IPR001245:456-789	IPR001245	kinase	456	789	start	456	-6	6	outside_annotated_domains	true
CBG22	msa_aligned_position	supported_comparable	0.233	672	taeniopygia_guttata	Taeniopygia guttata	Birds	XP_072787409.1	XM_072931308.1	XP_072787409.1:E9_E10	E9 → E10	500	IPR001245:506-839	IPR001245	kinase	506	839	start	506	-6	6	outside_annotated_domains	true
CBG23	msa_aligned_position	supported_comparable	0.5	722	pan_troglodytes	Pan troglodytes	Primates	XP_054516514.1	XM_054660539.2	XP_054516514.1:E9_E10	E9 → E10	500	IPR001245:456-789	IPR001245	kinase	456	789	start	456	44	44	inside_domain	true
CBG23	msa_aligned_position	supported_comparable	0.5	722	macaca_mulatta	Macaca mulatta	Primates	XP_077803775.1	XM_077947649.1	XP_077803775.1:E9_E10	E9 → E10	498	IPR001245:454-787	IPR001245	kinase	454	787	start	454	44	44	inside_domain	true
CBG23	msa_aligned_position	supported_comparable	0.5	722	callithrix_jacchus	Callithrix jacchus	Primates	XP_078202765.1	XM_078346639.1	XP_078202765.1:E9_E10	E9 → E10	500	IPR001245:456-789	IPR001245	kinase	456	789	start	456	44	44	inside_domain	true
CBG23	msa_aligned_position	supported_comparable	0.5	722	rattus_norvegicus	Rattus norvegicus	Other mammals	XP_063137149.1	XM_063281079.1	XP_063137149.1:E9_E10	E9 → E10	500	IPR001245:456-789	IPR001245	kinase	456	789	start	456	44	44	inside_domain	true
CBG23	msa_aligned_position	supported_comparable	0.5	722	oryctolagus_cuniculus	Oryctolagus cuniculus	Other mammals	XP_069913096.1	XM_070056995.1	XP_069913096.1:E9_E10	E9 → E10	500	IPR001245:456-789	IPR001245	kinase	456	789	start	456	44	44	inside_domain	true
CBG23	msa_aligned_position	supported_comparable	0.5	722	felis_catus	Felis catus	Other mammals	XP_044896695.1	XM_045040760.1	XP_044896695.1:E9_E10	E9 → E10	500	IPR001245:456-789	IPR001245	kinase	456	789	start	456	44	44	inside_domain	true
CBG23	msa_aligned_position	supported_comparable	0.5	722	bos_taurus	Bos taurus	Other mammals	XP_059737724.1	XM_059881741.1	XP_059737724.1:E9_E10	E9 → E10	500	IPR001245:456-789	IPR001245	kinase	456	789	start	456	44	44	inside_domain	true
CBG23	msa_aligned_position	supported_comparable	0.5	722	sus_scrofa	Sus scrofa	Other mammals	XP_084849197.1	XM_084993071.1	XP_084849197.1:E9_E10	E9 → E10	500	IPR001245:456-780	IPR001245	kinase	456	780	start	456	44	44	inside_domain	true
CBG23	msa_aligned_position	supported_comparable	0.5	722	equus_caballus	Equus caballus	Other mammals	XP_014588430.1	XM_014732944.3	XP_014588430.1:E10_E11	E10 → E11	550	IPR001245:506-839	IPR001245	kinase	506	839	start	506	44	44	inside_domain	true
CBG23	msa_aligned_position	supported_comparable	0.5	722	ovis_aries	Ovis aries	Other mammals	XP_060260490.1	XM_060404507.1	XP_060260490.1:E9_E10	E9 → E10	500	IPR001245:456-789	IPR001245	kinase	456	789	start	456	44	44	inside_domain	true
CBG23	msa_aligned_position	supported_comparable	0.5	722	monodelphis_domestica	Monodelphis domestica	Other mammals	XP_056659242.1	XM_056803264.1	XP_056659242.1:E9_E10	E9 → E10	499	IPR001245:455-788	IPR001245	kinase	455	788	start	455	44	44	inside_domain	true
CBG23	msa_aligned_position	supported_comparable	0.5	722	ornithorhynchus_anatinus	Ornithorhynchus anatinus	Other mammals	XP_028936644.1	XM_029080811.2	XP_028936644.1:E9_E10	E9 → E10	499	IPR001245:455-788	IPR001245	kinase	455	788	start	455	44	44	inside_domain	true
CBG23	msa_aligned_position	supported_comparable	0.5	722	gallus_gallus	Gallus gallus	Birds	NP_990650.2	NM_205319.4	NP_990650.2:E9_E10	E9 → E10	502	IPR001245:458-791	IPR001245	kinase	458	791	start	458	44	44	inside_domain	true
CBG23	msa_aligned_position	supported_comparable	0.5	722	taeniopygia_guttata	Taeniopygia guttata	Birds	XP_072787409.1	XM_072931308.1	XP_072787409.1:E10_E11	E10 → E11	550	IPR001245:506-839	IPR001245	kinase	506	839	start	506	44	44	inside_domain	true
CBG23	msa_aligned_position	supported_comparable	0.5	722	alligator_mississippiensis	Alligator mississippiensis	Reptiles	XP_006266188.1	XM_006266126.4	XP_006266188.1:E9_E10	E9 → E10	502	IPR001245:458-791	IPR001245	kinase	458	791	start	458	44	44	inside_domain	true
CBG24	msa_aligned_position	supported_comparable	0.5	763	pan_troglodytes	Pan troglodytes	Primates	XP_054516514.1	XM_054660539.2	XP_054516514.1:E10_E11	E10 → E11	541	IPR001245:456-789	IPR001245	kinase	456	789	start	456	85	85	inside_domain	true
CBG24	msa_aligned_position	supported_comparable	0.5	763	macaca_mulatta	Macaca mulatta	Primates	XP_077803775.1	XM_077947649.1	XP_077803775.1:E10_E11	E10 → E11	539	IPR001245:454-787	IPR001245	kinase	454	787	start	454	85	85	inside_domain	true
CBG24	msa_aligned_position	supported_comparable	0.5	763	callithrix_jacchus	Callithrix jacchus	Primates	XP_078202765.1	XM_078346639.1	XP_078202765.1:E10_E11	E10 → E11	541	IPR001245:456-789	IPR001245	kinase	456	789	start	456	85	85	inside_domain	true
CBG24	msa_aligned_position	supported_comparable	0.5	763	rattus_norvegicus	Rattus norvegicus	Other mammals	XP_063137149.1	XM_063281079.1	XP_063137149.1:E10_E11	E10 → E11	541	IPR001245:456-789	IPR001245	kinase	456	789	start	456	85	85	inside_domain	true
CBG24	msa_aligned_position	supported_comparable	0.5	763	oryctolagus_cuniculus	Oryctolagus cuniculus	Other mammals	XP_069913096.1	XM_070056995.1	XP_069913096.1:E10_E11	E10 → E11	541	IPR001245:456-789	IPR001245	kinase	456	789	start	456	85	85	inside_domain	true
CBG24	msa_aligned_position	supported_comparable	0.5	763	felis_catus	Felis catus	Other mammals	XP_044896695.1	XM_045040760.1	XP_044896695.1:E10_E11	E10 → E11	541	IPR001245:456-789	IPR001245	kinase	456	789	start	456	85	85	inside_domain	true
CBG24	msa_aligned_position	supported_comparable	0.5	763	bos_taurus	Bos taurus	Other mammals	XP_059737724.1	XM_059881741.1	XP_059737724.1:E10_E11	E10 → E11	541	IPR001245:456-789	IPR001245	kinase	456	789	start	456	85	85	inside_domain	true
CBG24	msa_aligned_position	supported_comparable	0.5	763	sus_scrofa	Sus scrofa	Other mammals	XP_084849197.1	XM_084993071.1	XP_084849197.1:E10_E11	E10 → E11	541	IPR001245:456-780	IPR001245	kinase	456	780	start	456	85	85	inside_domain	true
CBG24	msa_aligned_position	supported_comparable	0.5	763	equus_caballus	Equus caballus	Other mammals	XP_014588430.1	XM_014732944.3	XP_014588430.1:E11_E12	E11 → E12	591	IPR001245:506-839	IPR001245	kinase	506	839	start	506	85	85	inside_domain	true
CBG24	msa_aligned_position	supported_comparable	0.5	763	ovis_aries	Ovis aries	Other mammals	XP_060260490.1	XM_060404507.1	XP_060260490.1:E10_E11	E10 → E11	541	IPR001245:456-789	IPR001245	kinase	456	789	start	456	85	85	inside_domain	true
CBG24	msa_aligned_position	supported_comparable	0.5	763	monodelphis_domestica	Monodelphis domestica	Other mammals	XP_056659242.1	XM_056803264.1	XP_056659242.1:E10_E11	E10 → E11	540	IPR001245:455-788	IPR001245	kinase	455	788	start	455	85	85	inside_domain	true
CBG24	msa_aligned_position	supported_comparable	0.5	763	ornithorhynchus_anatinus	Ornithorhynchus anatinus	Other mammals	XP_028936644.1	XM_029080811.2	XP_028936644.1:E10_E11	E10 → E11	540	IPR001245:455-788	IPR001245	kinase	455	788	start	455	85	85	inside_domain	true
CBG24	msa_aligned_position	supported_comparable	0.5	763	gallus_gallus	Gallus gallus	Birds	NP_990650.2	NM_205319.4	NP_990650.2:E10_E11	E10 → E11	543	IPR001245:458-791	IPR001245	kinase	458	791	start	458	85	85	inside_domain	true
CBG24	msa_aligned_position	supported_comparable	0.5	763	taeniopygia_guttata	Taeniopygia guttata	Birds	XP_072787409.1	XM_072931308.1	XP_072787409.1:E11_E12	E11 → E12	591	IPR001245:506-839	IPR001245	kinase	506	839	start	506	85	85	inside_domain	true
CBG24	msa_aligned_position	supported_comparable	0.5	763	alligator_mississippiensis	Alligator mississippiensis	Reptiles	XP_006266188.1	XM_006266126.4	XP_006266188.1:E10_E11	E10 → E11	543	IPR001245:458-791	IPR001245	kinase	458	791	start	458	85	85	inside_domain	true
CBG25	msa_aligned_position	supported_comparable	0.5	800	pan_troglodytes	Pan troglodytes	Primates	XP_054516514.1	XM_054660539.2	XP_054516514.1:E11_E12	E11 → E12	578	IPR001245:456-789	IPR001245	kinase	456	789	start	456	122	122	inside_domain	true
CBG25	msa_aligned_position	supported_comparable	0.5	800	macaca_mulatta	Macaca mulatta	Primates	XP_077803775.1	XM_077947649.1	XP_077803775.1:E11_E12	E11 → E12	576	IPR001245:454-787	IPR001245	kinase	454	787	start	454	122	122	inside_domain	true
CBG25	msa_aligned_position	supported_comparable	0.5	800	callithrix_jacchus	Callithrix jacchus	Primates	XP_078202765.1	XM_078346639.1	XP_078202765.1:E11_E12	E11 → E12	578	IPR001245:456-789	IPR001245	kinase	456	789	start	456	122	122	inside_domain	true
CBG25	msa_aligned_position	supported_comparable	0.5	800	rattus_norvegicus	Rattus norvegicus	Other mammals	XP_063137149.1	XM_063281079.1	XP_063137149.1:E11_E12	E11 → E12	578	IPR001245:456-789	IPR001245	kinase	456	789	start	456	122	122	inside_domain	true
CBG25	msa_aligned_position	supported_comparable	0.5	800	oryctolagus_cuniculus	Oryctolagus cuniculus	Other mammals	XP_069913096.1	XM_070056995.1	XP_069913096.1:E11_E12	E11 → E12	578	IPR001245:456-789	IPR001245	kinase	456	789	start	456	122	122	inside_domain	true
CBG25	msa_aligned_position	supported_comparable	0.5	800	felis_catus	Felis catus	Other mammals	XP_044896695.1	XM_045040760.1	XP_044896695.1:E11_E12	E11 → E12	578	IPR001245:456-789	IPR001245	kinase	456	789	start	456	122	122	inside_domain	true
CBG25	msa_aligned_position	supported_comparable	0.5	800	bos_taurus	Bos taurus	Other mammals	XP_059737724.1	XM_059881741.1	XP_059737724.1:E11_E12	E11 → E12	578	IPR001245:456-789	IPR001245	kinase	456	789	start	456	122	122	inside_domain	true
CBG25	msa_aligned_position	supported_comparable	0.5	800	sus_scrofa	Sus scrofa	Other mammals	XP_084849197.1	XM_084993071.1	XP_084849197.1:E11_E12	E11 → E12	578	IPR001245:456-780	IPR001245	kinase	456	780	start	456	122	122	inside_domain	true
CBG25	msa_aligned_position	supported_comparable	0.5	800	equus_caballus	Equus caballus	Other mammals	XP_014588430.1	XM_014732944.3	XP_014588430.1:E12_E13	E12 → E13	628	IPR001245:506-839	IPR001245	kinase	506	839	start	506	122	122	inside_domain	true
CBG25	msa_aligned_position	supported_comparable	0.5	800	ovis_aries	Ovis aries	Other mammals	XP_060260490.1	XM_060404507.1	XP_060260490.1:E11_E12	E11 → E12	578	IPR001245:456-789	IPR001245	kinase	456	789	start	456	122	122	inside_domain	true
CBG25	msa_aligned_position	supported_comparable	0.5	800	monodelphis_domestica	Monodelphis domestica	Other mammals	XP_056659242.1	XM_056803264.1	XP_056659242.1:E11_E12	E11 → E12	577	IPR001245:455-788	IPR001245	kinase	455	788	start	455	122	122	inside_domain	true
CBG25	msa_aligned_position	supported_comparable	0.5	800	ornithorhynchus_anatinus	Ornithorhynchus anatinus	Other mammals	XP_028936644.1	XM_029080811.2	XP_028936644.1:E11_E12	E11 → E12	577	IPR001245:455-788	IPR001245	kinase	455	788	start	455	122	122	inside_domain	true
CBG25	msa_aligned_position	supported_comparable	0.5	800	gallus_gallus	Gallus gallus	Birds	NP_990650.2	NM_205319.4	NP_990650.2:E11_E12	E11 → E12	580	IPR001245:458-791	IPR001245	kinase	458	791	start	458	122	122	inside_domain	true
CBG25	msa_aligned_position	supported_comparable	0.5	800	taeniopygia_guttata	Taeniopygia guttata	Birds	XP_072787409.1	XM_072931308.1	XP_072787409.1:E12_E13	E12 → E13	628	IPR001245:506-839	IPR001245	kinase	506	839	start	506	122	122	inside_domain	true
CBG25	msa_aligned_position	supported_comparable	0.5	800	alligator_mississippiensis	Alligator mississippiensis	Reptiles	XP_006266188.1	XM_006266126.4	XP_006266188.1:E11_E12	E11 → E12	580	IPR001245:458-791	IPR001245	kinase	458	791	start	458	122	122	inside_domain	true
CBG26	msa_aligned_position	supported_comparable	0.5	863	pan_troglodytes	Pan troglodytes	Primates	XP_054516514.1	XM_054660539.2	XP_054516514.1:E12_E13	E12 → E13	641	IPR001245:456-789	IPR001245	kinase	456	789	end	789	-148	148	inside_domain	true
CBG26	msa_aligned_position	supported_comparable	0.5	863	macaca_mulatta	Macaca mulatta	Primates	XP_077803775.1	XM_077947649.1	XP_077803775.1:E12_E13	E12 → E13	639	IPR001245:454-787	IPR001245	kinase	454	787	end	787	-148	148	inside_domain	true
CBG26	msa_aligned_position	supported_comparable	0.5	863	callithrix_jacchus	Callithrix jacchus	Primates	XP_078202765.1	XM_078346639.1	XP_078202765.1:E12_E13	E12 → E13	641	IPR001245:456-789	IPR001245	kinase	456	789	end	789	-148	148	inside_domain	true
CBG26	msa_aligned_position	supported_comparable	0.5	863	rattus_norvegicus	Rattus norvegicus	Other mammals	XP_063137149.1	XM_063281079.1	XP_063137149.1:E12_E13	E12 → E13	641	IPR001245:456-789	IPR001245	kinase	456	789	end	789	-148	148	inside_domain	true
CBG26	msa_aligned_position	supported_comparable	0.5	863	oryctolagus_cuniculus	Oryctolagus cuniculus	Other mammals	XP_069913096.1	XM_070056995.1	XP_069913096.1:E12_E13	E12 → E13	641	IPR001245:456-789	IPR001245	kinase	456	789	end	789	-148	148	inside_domain	true
CBG26	msa_aligned_position	supported_comparable	0.5	863	felis_catus	Felis catus	Other mammals	XP_044896695.1	XM_045040760.1	XP_044896695.1:E12_E13	E12 → E13	641	IPR001245:456-789	IPR001245	kinase	456	789	end	789	-148	148	inside_domain	true
CBG26	msa_aligned_position	supported_comparable	0.5	863	bos_taurus	Bos taurus	Other mammals	XP_059737724.1	XM_059881741.1	XP_059737724.1:E12_E13	E12 → E13	641	IPR001245:456-789	IPR001245	kinase	456	789	end	789	-148	148	inside_domain	true
CBG26	msa_aligned_position	supported_comparable	0.5	863	sus_scrofa	Sus scrofa	Other mammals	XP_084849197.1	XM_084993071.1	XP_084849197.1:E12_E13	E12 → E13	641	IPR001245:456-780	IPR001245	kinase	456	780	end	780	-139	139	inside_domain	true
CBG26	msa_aligned_position	supported_comparable	0.5	863	equus_caballus	Equus caballus	Other mammals	XP_014588430.1	XM_014732944.3	XP_014588430.1:E13_E14	E13 → E14	691	IPR001245:506-839	IPR001245	kinase	506	839	end	839	-148	148	inside_domain	true
CBG26	msa_aligned_position	supported_comparable	0.5	863	ovis_aries	Ovis aries	Other mammals	XP_060260490.1	XM_060404507.1	XP_060260490.1:E12_E13	E12 → E13	641	IPR001245:456-789	IPR001245	kinase	456	789	end	789	-148	148	inside_domain	true
CBG26	msa_aligned_position	supported_comparable	0.5	863	monodelphis_domestica	Monodelphis domestica	Other mammals	XP_056659242.1	XM_056803264.1	XP_056659242.1:E12_E13	E12 → E13	640	IPR001245:455-788	IPR001245	kinase	455	788	end	788	-148	148	inside_domain	true
CBG26	msa_aligned_position	supported_comparable	0.5	863	ornithorhynchus_anatinus	Ornithorhynchus anatinus	Other mammals	XP_028936644.1	XM_029080811.2	XP_028936644.1:E12_E13	E12 → E13	640	IPR001245:455-788	IPR001245	kinase	455	788	end	788	-148	148	inside_domain	true
CBG26	msa_aligned_position	supported_comparable	0.5	863	gallus_gallus	Gallus gallus	Birds	NP_990650.2	NM_205319.4	NP_990650.2:E12_E13	E12 → E13	643	IPR001245:458-791	IPR001245	kinase	458	791	end	791	-148	148	inside_domain	true
CBG26	msa_aligned_position	supported_comparable	0.5	863	taeniopygia_guttata	Taeniopygia guttata	Birds	XP_072787409.1	XM_072931308.1	XP_072787409.1:E13_E14	E13 → E14	691	IPR001245:506-839	IPR001245	kinase	506	839	end	839	-148	148	inside_domain	true
CBG26	msa_aligned_position	supported_comparable	0.5	863	alligator_mississippiensis	Alligator mississippiensis	Reptiles	XP_006266188.1	XM_006266126.4	XP_006266188.1:E12_E13	E12 → E13	643	IPR001245:458-791	IPR001245	kinase	458	791	end	791	-148	148	inside_domain	true
CBG27	msa_aligned_position	supported_comparable	0.5	904	pan_troglodytes	Pan troglodytes	Primates	XP_054516514.1	XM_054660539.2	XP_054516514.1:E13_E14	E13 → E14	682	IPR001245:456-789	IPR001245	kinase	456	789	end	789	-107	107	inside_domain	true
CBG27	msa_aligned_position	supported_comparable	0.5	904	macaca_mulatta	Macaca mulatta	Primates	XP_077803775.1	XM_077947649.1	XP_077803775.1:E13_E14	E13 → E14	680	IPR001245:454-787	IPR001245	kinase	454	787	end	787	-107	107	inside_domain	true
CBG27	msa_aligned_position	supported_comparable	0.5	904	callithrix_jacchus	Callithrix jacchus	Primates	XP_078202765.1	XM_078346639.1	XP_078202765.1:E13_E14	E13 → E14	682	IPR001245:456-789	IPR001245	kinase	456	789	end	789	-107	107	inside_domain	true
CBG27	msa_aligned_position	supported_comparable	0.5	904	rattus_norvegicus	Rattus norvegicus	Other mammals	XP_063137149.1	XM_063281079.1	XP_063137149.1:E13_E14	E13 → E14	682	IPR001245:456-789	IPR001245	kinase	456	789	end	789	-107	107	inside_domain	true
CBG27	msa_aligned_position	supported_comparable	0.5	904	oryctolagus_cuniculus	Oryctolagus cuniculus	Other mammals	XP_069913096.1	XM_070056995.1	XP_069913096.1:E13_E14	E13 → E14	682	IPR001245:456-789	IPR001245	kinase	456	789	end	789	-107	107	inside_domain	true
CBG27	msa_aligned_position	supported_comparable	0.5	904	felis_catus	Felis catus	Other mammals	XP_044896695.1	XM_045040760.1	XP_044896695.1:E13_E14	E13 → E14	682	IPR001245:456-789	IPR001245	kinase	456	789	end	789	-107	107	inside_domain	true
CBG27	msa_aligned_position	supported_comparable	0.5	904	bos_taurus	Bos taurus	Other mammals	XP_059737724.1	XM_059881741.1	XP_059737724.1:E13_E14	E13 → E14	682	IPR001245:456-789	IPR001245	kinase	456	789	end	789	-107	107	inside_domain	true
CBG27	msa_aligned_position	supported_comparable	0.5	904	sus_scrofa	Sus scrofa	Other mammals	XP_084849197.1	XM_084993071.1	XP_084849197.1:E13_E14	E13 → E14	682	IPR001245:456-780	IPR001245	kinase	456	780	end	780	-98	98	inside_domain	true
CBG27	msa_aligned_position	supported_comparable	0.5	904	equus_caballus	Equus caballus	Other mammals	XP_014588430.1	XM_014732944.3	XP_014588430.1:E14_E15	E14 → E15	732	IPR001245:506-839	IPR001245	kinase	506	839	end	839	-107	107	inside_domain	true
CBG27	msa_aligned_position	supported_comparable	0.5	904	ovis_aries	Ovis aries	Other mammals	XP_060260490.1	XM_060404507.1	XP_060260490.1:E13_E14	E13 → E14	682	IPR001245:456-789	IPR001245	kinase	456	789	end	789	-107	107	inside_domain	true
CBG27	msa_aligned_position	supported_comparable	0.5	904	monodelphis_domestica	Monodelphis domestica	Other mammals	XP_056659242.1	XM_056803264.1	XP_056659242.1:E13_E14	E13 → E14	681	IPR001245:455-788	IPR001245	kinase	455	788	end	788	-107	107	inside_domain	true
CBG27	msa_aligned_position	supported_comparable	0.5	904	ornithorhynchus_anatinus	Ornithorhynchus anatinus	Other mammals	XP_028936644.1	XM_029080811.2	XP_028936644.1:E13_E14	E13 → E14	681	IPR001245:455-788	IPR001245	kinase	455	788	end	788	-107	107	inside_domain	true
CBG27	msa_aligned_position	supported_comparable	0.5	904	gallus_gallus	Gallus gallus	Birds	NP_990650.2	NM_205319.4	NP_990650.2:E13_E14	E13 → E14	684	IPR001245:458-791	IPR001245	kinase	458	791	end	791	-107	107	inside_domain	true
CBG27	msa_aligned_position	supported_comparable	0.5	904	taeniopygia_guttata	Taeniopygia guttata	Birds	XP_072787409.1	XM_072931308.1	XP_072787409.1:E14_E15	E14 → E15	732	IPR001245:506-839	IPR001245	kinase	506	839	end	839	-107	107	inside_domain	true
CBG27	msa_aligned_position	supported_comparable	0.5	904	alligator_mississippiensis	Alligator mississippiensis	Reptiles	XP_006266188.1	XM_006266126.4	XP_006266188.1:E13_E14	E13 → E14	684	IPR001245:458-791	IPR001245	kinase	458	791	end	791	-107	107	inside_domain	true
CBG28	msa_aligned_position	supported_comparable	0.5	928	pan_troglodytes	Pan troglodytes	Primates	XP_054516514.1	XM_054660539.2	XP_054516514.1:E14_E15	E14 → E15	706	IPR001245:456-789	IPR001245	kinase	456	789	end	789	-83	83	inside_domain	true
CBG28	msa_aligned_position	supported_comparable	0.5	928	macaca_mulatta	Macaca mulatta	Primates	XP_077803775.1	XM_077947649.1	XP_077803775.1:E14_E15	E14 → E15	704	IPR001245:454-787	IPR001245	kinase	454	787	end	787	-83	83	inside_domain	true
CBG28	msa_aligned_position	supported_comparable	0.5	928	callithrix_jacchus	Callithrix jacchus	Primates	XP_078202765.1	XM_078346639.1	XP_078202765.1:E14_E15	E14 → E15	706	IPR001245:456-789	IPR001245	kinase	456	789	end	789	-83	83	inside_domain	true
CBG28	msa_aligned_position	supported_comparable	0.5	928	rattus_norvegicus	Rattus norvegicus	Other mammals	XP_063137149.1	XM_063281079.1	XP_063137149.1:E14_E15	E14 → E15	706	IPR001245:456-789	IPR001245	kinase	456	789	end	789	-83	83	inside_domain	true
CBG28	msa_aligned_position	supported_comparable	0.5	928	oryctolagus_cuniculus	Oryctolagus cuniculus	Other mammals	XP_069913096.1	XM_070056995.1	XP_069913096.1:E14_E15	E14 → E15	706	IPR001245:456-789	IPR001245	kinase	456	789	end	789	-83	83	inside_domain	true
CBG28	msa_aligned_position	supported_comparable	0.5	928	felis_catus	Felis catus	Other mammals	XP_044896695.1	XM_045040760.1	XP_044896695.1:E14_E15	E14 → E15	706	IPR001245:456-789	IPR001245	kinase	456	789	end	789	-83	83	inside_domain	true
CBG28	msa_aligned_position	supported_comparable	0.5	928	bos_taurus	Bos taurus	Other mammals	XP_059737724.1	XM_059881741.1	XP_059737724.1:E14_E15	E14 → E15	706	IPR001245:456-789	IPR001245	kinase	456	789	end	789	-83	83	inside_domain	true
CBG28	msa_aligned_position	supported_comparable	0.5	928	sus_scrofa	Sus scrofa	Other mammals	XP_084849197.1	XM_084993071.1	XP_084849197.1:E14_E15	E14 → E15	706	IPR001245:456-780	IPR001245	kinase	456	780	end	780	-74	74	inside_domain	true
CBG28	msa_aligned_position	supported_comparable	0.5	928	equus_caballus	Equus caballus	Other mammals	XP_014588430.1	XM_014732944.3	XP_014588430.1:E15_E16	E15 → E16	756	IPR001245:506-839	IPR001245	kinase	506	839	end	839	-83	83	inside_domain	true
CBG28	msa_aligned_position	supported_comparable	0.5	928	ovis_aries	Ovis aries	Other mammals	XP_060260490.1	XM_060404507.1	XP_060260490.1:E14_E15	E14 → E15	706	IPR001245:456-789	IPR001245	kinase	456	789	end	789	-83	83	inside_domain	true
CBG28	msa_aligned_position	supported_comparable	0.5	928	monodelphis_domestica	Monodelphis domestica	Other mammals	XP_056659242.1	XM_056803264.1	XP_056659242.1:E14_E15	E14 → E15	705	IPR001245:455-788	IPR001245	kinase	455	788	end	788	-83	83	inside_domain	true
CBG28	msa_aligned_position	supported_comparable	0.5	928	ornithorhynchus_anatinus	Ornithorhynchus anatinus	Other mammals	XP_028936644.1	XM_029080811.2	XP_028936644.1:E14_E15	E14 → E15	705	IPR001245:455-788	IPR001245	kinase	455	788	end	788	-83	83	inside_domain	true
CBG28	msa_aligned_position	supported_comparable	0.5	928	gallus_gallus	Gallus gallus	Birds	NP_990650.2	NM_205319.4	NP_990650.2:E14_E15	E14 → E15	708	IPR001245:458-791	IPR001245	kinase	458	791	end	791	-83	83	inside_domain	true
CBG28	msa_aligned_position	supported_comparable	0.5	928	taeniopygia_guttata	Taeniopygia guttata	Birds	XP_072787409.1	XM_072931308.1	XP_072787409.1:E15_E16	E15 → E16	756	IPR001245:506-839	IPR001245	kinase	506	839	end	839	-83	83	inside_domain	true
CBG28	msa_aligned_position	supported_comparable	0.5	928	alligator_mississippiensis	Alligator mississippiensis	Reptiles	XP_006266188.1	XM_006266126.4	XP_006266188.1:E14_E15	E14 → E15	708	IPR001245:458-791	IPR001245	kinase	458	791	end	791	-83	83	inside_domain	true
CBG29	msa_aligned_position	supported_comparable	0.533	974	pan_troglodytes	Pan troglodytes	Primates	XP_054516514.1	XM_054660539.2	XP_054516514.1:E15_E16	E15 → E16	752	IPR001245:456-789	IPR001245	kinase	456	789	end	789	-37	37	inside_domain	true
CBG29	msa_aligned_position	supported_comparable	0.533	974	gorilla_gorilla_gorilla	Gorilla gorilla gorilla	Primates	XP_004050253.1	XP_004050253.1	XP_004050253.1:E14_E15	E14 → E15	635	IPR001245:339-672	IPR001245	kinase	339	672	end	672	-37	37	inside_domain	true
CBG29	msa_aligned_position	supported_comparable	0.533	974	macaca_mulatta	Macaca mulatta	Primates	XP_077803775.1	XM_077947649.1	XP_077803775.1:E15_E16	E15 → E16	750	IPR001245:454-787	IPR001245	kinase	454	787	end	787	-37	37	inside_domain	true
CBG29	msa_aligned_position	supported_comparable	0.533	974	callithrix_jacchus	Callithrix jacchus	Primates	XP_078202765.1	XM_078346639.1	XP_078202765.1:E15_E16	E15 → E16	752	IPR001245:456-789	IPR001245	kinase	456	789	end	789	-37	37	inside_domain	true
CBG29	msa_aligned_position	supported_comparable	0.533	974	rattus_norvegicus	Rattus norvegicus	Other mammals	XP_063137149.1	XM_063281079.1	XP_063137149.1:E15_E16	E15 → E16	752	IPR001245:456-789	IPR001245	kinase	456	789	end	789	-37	37	inside_domain	true
CBG29	msa_aligned_position	supported_comparable	0.533	974	oryctolagus_cuniculus	Oryctolagus cuniculus	Other mammals	XP_069913096.1	XM_070056995.1	XP_069913096.1:E15_E16	E15 → E16	752	IPR001245:456-789	IPR001245	kinase	456	789	end	789	-37	37	inside_domain	true
CBG29	msa_aligned_position	supported_comparable	0.533	974	felis_catus	Felis catus	Other mammals	XP_044896695.1	XM_045040760.1	XP_044896695.1:E15_E16	E15 → E16	752	IPR001245:456-789	IPR001245	kinase	456	789	end	789	-37	37	inside_domain	true
CBG29	msa_aligned_position	supported_comparable	0.533	974	bos_taurus	Bos taurus	Other mammals	XP_059737724.1	XM_059881741.1	XP_059737724.1:E15_E16	E15 → E16	752	IPR001245:456-789	IPR001245	kinase	456	789	end	789	-37	37	inside_domain	true
CBG29	msa_aligned_position	supported_comparable	0.533	974	sus_scrofa	Sus scrofa	Other mammals	XP_084849197.1	XM_084993071.1	XP_084849197.1:E15_E16	E15 → E16	752	IPR001245:456-780	IPR001245	kinase	456	780	end	780	-28	28	inside_domain	true
CBG29	msa_aligned_position	supported_comparable	0.533	974	equus_caballus	Equus caballus	Other mammals	XP_014588430.1	XM_014732944.3	XP_014588430.1:E16_E17	E16 → E17	802	IPR001245:506-839	IPR001245	kinase	506	839	end	839	-37	37	inside_domain	true
CBG29	msa_aligned_position	supported_comparable	0.533	974	ovis_aries	Ovis aries	Other mammals	XP_060260490.1	XM_060404507.1	XP_060260490.1:E15_E16	E15 → E16	752	IPR001245:456-789	IPR001245	kinase	456	789	end	789	-37	37	inside_domain	true
CBG29	msa_aligned_position	supported_comparable	0.533	974	monodelphis_domestica	Monodelphis domestica	Other mammals	XP_056659242.1	XM_056803264.1	XP_056659242.1:E15_E16	E15 → E16	751	IPR001245:455-788	IPR001245	kinase	455	788	end	788	-37	37	inside_domain	true
CBG29	msa_aligned_position	supported_comparable	0.533	974	ornithorhynchus_anatinus	Ornithorhynchus anatinus	Other mammals	XP_028936644.1	XM_029080811.2	XP_028936644.1:E15_E16	E15 → E16	751	IPR001245:455-788	IPR001245	kinase	455	788	end	788	-37	37	inside_domain	true
CBG29	msa_aligned_position	supported_comparable	0.533	974	gallus_gallus	Gallus gallus	Birds	NP_990650.2	NM_205319.4	NP_990650.2:E15_E16	E15 → E16	754	IPR001245:458-791	IPR001245	kinase	458	791	end	791	-37	37	inside_domain	true
CBG29	msa_aligned_position	supported_comparable	0.533	974	taeniopygia_guttata	Taeniopygia guttata	Birds	XP_072787409.1	XM_072931308.1	XP_072787409.1:E16_E17	E16 → E17	802	IPR001245:506-839	IPR001245	kinase	506	839	end	839	-37	37	inside_domain	true
CBG29	msa_aligned_position	supported_comparable	0.533	974	alligator_mississippiensis	Alligator mississippiensis	Reptiles	XP_006266188.1	XM_006266126.4	XP_006266188.1:E15_E16	E15 → E16	754	IPR001245:458-791	IPR001245	kinase	458	791	end	791	-37	37	inside_domain	true
CBG30	msa_aligned_position	supported_comparable	0.533	1009	pan_troglodytes	Pan troglodytes	Primates	XP_054516514.1	XM_054660539.2	XP_054516514.1:E16_E17	E16 → E17	787	IPR001245:456-789	IPR001245	kinase	456	789	end	789	-2	2	near_domain_edge	true
CBG30	msa_aligned_position	supported_comparable	0.533	1009	macaca_mulatta	Macaca mulatta	Primates	XP_077803775.1	XM_077947649.1	XP_077803775.1:E16_E17	E16 → E17	785	IPR001245:454-787	IPR001245	kinase	454	787	end	787	-2	2	near_domain_edge	true
CBG30	msa_aligned_position	supported_comparable	0.533	1009	callithrix_jacchus	Callithrix jacchus	Primates	XP_078202765.1	XM_078346639.1	XP_078202765.1:E16_E17	E16 → E17	787	IPR001245:456-789	IPR001245	kinase	456	789	end	789	-2	2	near_domain_edge	true
CBG30	msa_aligned_position	supported_comparable	0.533	1009	mus_musculus	Mus musculus	Other mammals	ENSMUSP00000112430	ENSMUST00000122054	ENSMUSP00000112430:E16_E17	E16 → E17	787	IPR001245:456-789	IPR001245	kinase	456	789	end	789	-2	2	near_domain_edge	true
CBG30	msa_aligned_position	supported_comparable	0.533	1009	rattus_norvegicus	Rattus norvegicus	Other mammals	XP_063137149.1	XM_063281079.1	XP_063137149.1:E16_E17	E16 → E17	787	IPR001245:456-789	IPR001245	kinase	456	789	end	789	-2	2	near_domain_edge	true
CBG30	msa_aligned_position	supported_comparable	0.533	1009	oryctolagus_cuniculus	Oryctolagus cuniculus	Other mammals	XP_069913096.1	XM_070056995.1	XP_069913096.1:E16_E17	E16 → E17	787	IPR001245:456-789	IPR001245	kinase	456	789	end	789	-2	2	near_domain_edge	true
CBG30	msa_aligned_position	supported_comparable	0.533	1009	felis_catus	Felis catus	Other mammals	XP_044896695.1	XM_045040760.1	XP_044896695.1:E16_E17	E16 → E17	787	IPR001245:456-789	IPR001245	kinase	456	789	end	789	-2	2	near_domain_edge	true
CBG30	msa_aligned_position	supported_comparable	0.533	1009	bos_taurus	Bos taurus	Other mammals	XP_059737724.1	XM_059881741.1	XP_059737724.1:E16_E17	E16 → E17	787	IPR001245:456-789	IPR001245	kinase	456	789	end	789	-2	2	near_domain_edge	true
CBG30	msa_aligned_position	supported_comparable	0.533	1009	sus_scrofa	Sus scrofa	Other mammals	XP_084849197.1	XM_084993071.1	XP_084849197.1:E16_E17	E16 → E17	787	IPR001245:456-780	IPR001245	kinase	456	780	end	780	7	7	outside_annotated_domains	true
CBG30	msa_aligned_position	supported_comparable	0.533	1009	equus_caballus	Equus caballus	Other mammals	XP_014588430.1	XM_014732944.3	XP_014588430.1:E17_E18	E17 → E18	837	IPR001245:506-839	IPR001245	kinase	506	839	end	839	-2	2	near_domain_edge	true
CBG30	msa_aligned_position	supported_comparable	0.533	1009	ovis_aries	Ovis aries	Other mammals	XP_060260490.1	XM_060404507.1	XP_060260490.1:E16_E17	E16 → E17	787	IPR001245:456-789	IPR001245	kinase	456	789	end	789	-2	2	near_domain_edge	true
CBG30	msa_aligned_position	supported_comparable	0.533	1009	monodelphis_domestica	Monodelphis domestica	Other mammals	XP_056659242.1	XM_056803264.1	XP_056659242.1:E16_E17	E16 → E17	786	IPR001245:455-788	IPR001245	kinase	455	788	end	788	-2	2	near_domain_edge	true
CBG30	msa_aligned_position	supported_comparable	0.533	1009	ornithorhynchus_anatinus	Ornithorhynchus anatinus	Other mammals	XP_028936644.1	XM_029080811.2	XP_028936644.1:E16_E17	E16 → E17	786	IPR001245:455-788	IPR001245	kinase	455	788	end	788	-2	2	near_domain_edge	true
CBG30	msa_aligned_position	supported_comparable	0.533	1009	gallus_gallus	Gallus gallus	Birds	NP_990650.2	NM_205319.4	NP_990650.2:E16_E17	E16 → E17	789	IPR001245:458-791	IPR001245	kinase	458	791	end	791	-2	2	near_domain_edge	true
CBG30	msa_aligned_position	supported_comparable	0.533	1009	taeniopygia_guttata	Taeniopygia guttata	Birds	XP_072787409.1	XM_072931308.1	XP_072787409.1:E17_E18	E17 → E18	837	IPR001245:506-839	IPR001245	kinase	506	839	end	839	-2	2	near_domain_edge	true
CBG30	msa_aligned_position	supported_comparable	0.533	1009	alligator_mississippiensis	Alligator mississippiensis	Reptiles	XP_006266188.1	XM_006266126.4	XP_006266188.1:E16_E17	E16 → E17	789	IPR001245:458-791	IPR001245	kinase	458	791	end	791	-2	2	near_domain_edge	true
CBG31	msa_aligned_position	supported_comparable	0.067	158	gorilla_gorilla_gorilla	Gorilla gorilla gorilla	Primates	XP_004050253.1	XP_004050253.1	XP_004050253.1:E1_E2	E1 → E2	55	IPR013098:75-152	IPR013098	Ig1	75	152	start	75	-20	20	outside_annotated_domains	true
CBG31	msa_aligned_position	supported_comparable	0.067	158	mus_musculus	Mus musculus	Other mammals	ENSMUSP00000112430	ENSMUST00000122054	ENSMUSP00000112430:E1_E2	E1 → E2	55	IPR007110:64-128	IPR007110	Ig1	64	128	start	64	-9	9	outside_annotated_domains	true
CBG35	msa_aligned_position	tentative	0.067	533	gorilla_gorilla_gorilla	Gorilla gorilla gorilla	Primates	XP_004050253.1	XP_004050253.1	XP_004050253.1:E5_E6	E5 → E6	201	IPR007110:170-250	IPR007110	Ig2	170	250	start	170	31	31	inside_domain	true
CBG35	msa_aligned_position	tentative	0.067	534	meleagris_gallopavo	Meleagris gallopavo	Birds	ENSMGAP00000031571	ENSMGAT00000021846	ENSMGAP00000031571:E3_E4	E3 → E4	204	IPR007110:171-252	IPR007110	Ig2	171	252	start	171	33	33	inside_domain	true
CBG38	msa_aligned_position	tentative	0.1	682	gorilla_gorilla_gorilla	Gorilla gorilla gorilla	Primates	XP_004050253.1	XP_004050253.1	XP_004050253.1:E8_E9	E8 → E9	343	IPR001245:339-672	IPR001245	kinase	339	672	start	339	4	4	near_domain_edge	true
CBG38	msa_aligned_position	tentative	0.1	683	mus_musculus	Mus musculus	Other mammals	ENSMUSP00000112430	ENSMUST00000122054	ENSMUSP00000112430:E10_E11	E10 → E11	461	IPR001245:456-789	IPR001245	kinase	456	789	start	456	5	5	near_domain_edge	true
CBG38	msa_aligned_position	tentative	0.1	684	xenopus_tropicalis	Xenopus tropicalis	Amphibians	ENSXETP00000069725	ENSXETT00000071733	ENSXETP00000069725:E10_E11	E10 → E11	530	IPR001245:524-857	IPR001245	kinase	524	857	start	524	6	6	inside_domain	true
CBG42	msa_aligned_position	supported_comparable	0.1	603	pongo_abelii	Pongo abelii	Primates	XP_024108704.1	XM_024252936	XP_024108704.1:E7_E8	E7 → E8	381	IPR007110:285-365	IPR007110	Ig3	285	365	end	365	16	16	outside_annotated_domains	true
CBG42	msa_aligned_position	supported_comparable	0.1	603	anolis_carolinensis	Anolis carolinensis	Reptiles	XP_062832081.1	XM_062976011.1	XP_062832081.1:E8_E9	E8 → E9	414	IPR013098:315-411	IPR013098	Ig3	315	411	end	411	3	3	near_domain_edge	true
CBG42	msa_aligned_position	supported_comparable	0.1	603	oreochromis_niloticus	Oreochromis niloticus	Teleost fish	ENSONIP00000063320	ENSONIT00000047381	ENSONIP00000063320:E7_E8	E7 → E8	360	IPR013098:261-357	IPR013098	Ig3	261	357	end	357	3	3	near_domain_edge	true
CBG43	msa_aligned_position	supported_comparable	0.133	668	pongo_abelii	Pongo abelii	Primates	XP_024108704.1	XM_024252936	XP_024108704.1:E8_E9	E8 → E9	446	IPR001245:454-787	IPR001245	kinase	454	787	start	454	-8	8	outside_annotated_domains	true
CBG43	msa_aligned_position	supported_comparable	0.133	668	chrysemys_picta_bellii	Chrysemys picta bellii	Reptiles	XP_065408413.1	XM_065552341.1	XP_065408413.1:E8_E9	E8 → E9	446	IPR001245:456-789	IPR001245	kinase	456	789	start	456	-10	10	outside_annotated_domains	true
CBG43	msa_aligned_position	supported_comparable	0.133	668	oryzias_latipes	Oryzias latipes	Teleost fish	XP_078787744.1	XM_078931618.1	XP_078787744.1:E8_E9	E8 → E9	442	IPR001245:450-781	IPR001245	kinase	450	781	start	450	-8	8	outside_annotated_domains	true
CBG43	msa_aligned_position	supported_comparable	0.133	668	oreochromis_niloticus	Oreochromis niloticus	Teleost fish	ENSONIP00000063320	ENSONIT00000047381	ENSONIP00000063320:E8_E9	E8 → E9	424	IPR001245:431-761	IPR001245	kinase	431	761	start	431	-7	7	outside_annotated_domains	true
CBG44	msa_aligned_position	supported_comparable	0.167	721	pongo_abelii	Pongo abelii	Primates	XP_024108704.1	XM_024252936	XP_024108704.1:E9_E10	E9 → E10	497	IPR001245:454-787	IPR001245	kinase	454	787	start	454	43	43	inside_domain	true
CBG44	msa_aligned_position	supported_comparable	0.167	721	anolis_carolinensis	Anolis carolinensis	Reptiles	XP_062832081.1	XM_062976011.1	XP_062832081.1:E10_E11	E10 → E11	532	IPR001245:489-822	IPR001245	kinase	489	822	start	489	43	43	inside_domain	true
CBG44	msa_aligned_position	supported_comparable	0.167	721	xenopus_tropicalis	Xenopus tropicalis	Amphibians	ENSXETP00000069725	ENSXETT00000071733	ENSXETP00000069725:E11_E12	E11 → E12	567	IPR001245:524-857	IPR001245	kinase	524	857	start	524	43	43	inside_domain	true
CBG44	msa_aligned_position	supported_comparable	0.167	721	ambystoma_mexicanum	Ambystoma mexicanum	Amphibians	XP_069468056.1	XM_069611955.1	XP_069468056.1:E9_E10	E9 → E10	497	IPR001245:454-787	IPR001245	kinase	454	787	start	454	43	43	inside_domain	true
CBG44	msa_aligned_position	supported_comparable	0.167	721	oreochromis_niloticus	Oreochromis niloticus	Teleost fish	ENSONIP00000063320	ENSONIT00000047381	ENSONIP00000063320:E9_E10	E9 → E10	471	IPR001245:431-761	IPR001245	kinase	431	761	start	431	40	40	inside_domain	true
CBG45	msa_aligned_position	supported_comparable	0.133	762	pongo_abelii	Pongo abelii	Primates	XP_024108704.1	XM_024252936	XP_024108704.1:E10_E11	E10 → E11	538	IPR001245:454-787	IPR001245	kinase	454	787	start	454	84	84	inside_domain	true
CBG45	msa_aligned_position	supported_comparable	0.133	762	anolis_carolinensis	Anolis carolinensis	Reptiles	XP_062832081.1	XM_062976011.1	XP_062832081.1:E11_E12	E11 → E12	573	IPR001245:489-822	IPR001245	kinase	489	822	start	489	84	84	inside_domain	true
CBG45	msa_aligned_position	supported_comparable	0.133	762	ambystoma_mexicanum	Ambystoma mexicanum	Amphibians	XP_069468056.1	XM_069611955.1	XP_069468056.1:E10_E11	E10 → E11	538	IPR001245:454-787	IPR001245	kinase	454	787	start	454	84	84	inside_domain	true
CBG45	msa_aligned_position	supported_comparable	0.133	762	oreochromis_niloticus	Oreochromis niloticus	Teleost fish	ENSONIP00000063320	ENSONIT00000047381	ENSONIP00000063320:E10_E11	E10 → E11	512	IPR001245:431-761	IPR001245	kinase	431	761	start	431	81	81	inside_domain	true
CBG46	msa_aligned_position	supported_comparable	0.133	799	pongo_abelii	Pongo abelii	Primates	XP_024108704.1	XM_024252936	XP_024108704.1:E11_E12	E11 → E12	575	IPR001245:454-787	IPR001245	kinase	454	787	start	454	121	121	inside_domain	true
CBG46	msa_aligned_position	supported_comparable	0.133	799	anolis_carolinensis	Anolis carolinensis	Reptiles	XP_062832081.1	XM_062976011.1	XP_062832081.1:E12_E13	E12 → E13	610	IPR001245:489-822	IPR001245	kinase	489	822	start	489	121	121	inside_domain	true
CBG46	msa_aligned_position	supported_comparable	0.133	799	ambystoma_mexicanum	Ambystoma mexicanum	Amphibians	XP_069468056.1	XM_069611955.1	XP_069468056.1:E11_E12	E11 → E12	575	IPR001245:454-787	IPR001245	kinase	454	787	start	454	121	121	inside_domain	true
CBG46	msa_aligned_position	supported_comparable	0.133	799	oreochromis_niloticus	Oreochromis niloticus	Teleost fish	ENSONIP00000063320	ENSONIT00000047381	ENSONIP00000063320:E11_E12	E11 → E12	549	IPR001245:431-761	IPR001245	kinase	431	761	start	431	118	118	inside_domain	true
CBG47	msa_aligned_position	supported_comparable	0.133	862	pongo_abelii	Pongo abelii	Primates	XP_024108704.1	XM_024252936	XP_024108704.1:E12_E13	E12 → E13	638	IPR001245:454-787	IPR001245	kinase	454	787	end	787	-149	149	inside_domain	true
CBG47	msa_aligned_position	supported_comparable	0.133	862	anolis_carolinensis	Anolis carolinensis	Reptiles	XP_062832081.1	XM_062976011.1	XP_062832081.1:E13_E14	E13 → E14	673	IPR001245:489-822	IPR001245	kinase	489	822	end	822	-149	149	inside_domain	true
CBG47	msa_aligned_position	supported_comparable	0.133	862	ambystoma_mexicanum	Ambystoma mexicanum	Amphibians	XP_069468056.1	XM_069611955.1	XP_069468056.1:E12_E13	E12 → E13	638	IPR001245:454-787	IPR001245	kinase	454	787	end	787	-149	149	inside_domain	true
CBG47	msa_aligned_position	supported_comparable	0.133	862	oreochromis_niloticus	Oreochromis niloticus	Teleost fish	ENSONIP00000063320	ENSONIT00000047381	ENSONIP00000063320:E12_E13	E12 → E13	612	IPR001245:431-761	IPR001245	kinase	431	761	end	761	-149	149	inside_domain	true
CBG48	msa_aligned_position	supported_comparable	0.133	903	pongo_abelii	Pongo abelii	Primates	XP_024108704.1	XM_024252936	XP_024108704.1:E13_E14	E13 → E14	679	IPR001245:454-787	IPR001245	kinase	454	787	end	787	-108	108	inside_domain	true
CBG48	msa_aligned_position	supported_comparable	0.133	903	anolis_carolinensis	Anolis carolinensis	Reptiles	XP_062832081.1	XM_062976011.1	XP_062832081.1:E14_E15	E14 → E15	714	IPR001245:489-822	IPR001245	kinase	489	822	end	822	-108	108	inside_domain	true
CBG48	msa_aligned_position	supported_comparable	0.133	903	ambystoma_mexicanum	Ambystoma mexicanum	Amphibians	XP_069468056.1	XM_069611955.1	XP_069468056.1:E13_E14	E13 → E14	679	IPR001245:454-787	IPR001245	kinase	454	787	end	787	-108	108	inside_domain	true
CBG48	msa_aligned_position	supported_comparable	0.133	903	oreochromis_niloticus	Oreochromis niloticus	Teleost fish	ENSONIP00000063320	ENSONIT00000047381	ENSONIP00000063320:E13_E14	E13 → E14	653	IPR001245:431-761	IPR001245	kinase	431	761	end	761	-108	108	inside_domain	true
CBG49	msa_aligned_position	supported_comparable	0.133	927	pongo_abelii	Pongo abelii	Primates	XP_024108704.1	XM_024252936	XP_024108704.1:E14_E15	E14 → E15	703	IPR001245:454-787	IPR001245	kinase	454	787	end	787	-84	84	inside_domain	true
CBG49	msa_aligned_position	supported_comparable	0.133	927	anolis_carolinensis	Anolis carolinensis	Reptiles	XP_062832081.1	XM_062976011.1	XP_062832081.1:E15_E16	E15 → E16	738	IPR001245:489-822	IPR001245	kinase	489	822	end	822	-84	84	inside_domain	true
CBG49	msa_aligned_position	supported_comparable	0.133	927	ambystoma_mexicanum	Ambystoma mexicanum	Amphibians	XP_069468056.1	XM_069611955.1	XP_069468056.1:E14_E15	E14 → E15	703	IPR001245:454-787	IPR001245	kinase	454	787	end	787	-84	84	inside_domain	true
CBG49	msa_aligned_position	supported_comparable	0.133	927	oreochromis_niloticus	Oreochromis niloticus	Teleost fish	ENSONIP00000063320	ENSONIT00000047381	ENSONIP00000063320:E14_E15	E14 → E15	677	IPR001245:431-761	IPR001245	kinase	431	761	end	761	-84	84	inside_domain	true
CBG50	msa_aligned_position	supported_comparable	0.133	973	pongo_abelii	Pongo abelii	Primates	XP_024108704.1	XM_024252936	XP_024108704.1:E15_E16	E15 → E16	749	IPR001245:454-787	IPR001245	kinase	454	787	end	787	-38	38	inside_domain	true
CBG50	msa_aligned_position	supported_comparable	0.133	973	anolis_carolinensis	Anolis carolinensis	Reptiles	XP_062832081.1	XM_062976011.1	XP_062832081.1:E16_E17	E16 → E17	784	IPR001245:489-822	IPR001245	kinase	489	822	end	822	-38	38	inside_domain	true
CBG50	msa_aligned_position	supported_comparable	0.133	973	ambystoma_mexicanum	Ambystoma mexicanum	Amphibians	XP_069468056.1	XM_069611955.1	XP_069468056.1:E15_E16	E15 → E16	749	IPR001245:454-787	IPR001245	kinase	454	787	end	787	-38	38	inside_domain	true
CBG50	msa_aligned_position	supported_comparable	0.133	973	oreochromis_niloticus	Oreochromis niloticus	Teleost fish	ENSONIP00000063320	ENSONIT00000047381	ENSONIP00000063320:E15_E16	E15 → E16	723	IPR001245:431-761	IPR001245	kinase	431	761	end	761	-38	38	inside_domain	true
CBG51	msa_aligned_position	supported_comparable	0.133	1008	pongo_abelii	Pongo abelii	Primates	XP_024108704.1	XM_024252936	XP_024108704.1:E16_E17	E16 → E17	784	IPR001245:454-787	IPR001245	kinase	454	787	end	787	-3	3	near_domain_edge	true
CBG51	msa_aligned_position	supported_comparable	0.133	1008	anolis_carolinensis	Anolis carolinensis	Reptiles	XP_062832081.1	XM_062976011.1	XP_062832081.1:E17_E18	E17 → E18	819	IPR001245:489-822	IPR001245	kinase	489	822	end	822	-3	3	near_domain_edge	true
CBG51	msa_aligned_position	supported_comparable	0.133	1008	ambystoma_mexicanum	Ambystoma mexicanum	Amphibians	XP_069468056.1	XM_069611955.1	XP_069468056.1:E16_E17	E16 → E17	784	IPR001245:454-787	IPR001245	kinase	454	787	end	787	-3	3	near_domain_edge	true
CBG51	msa_aligned_position	supported_comparable	0.133	1008	oreochromis_niloticus	Oreochromis niloticus	Teleost fish	ENSONIP00000063320	ENSONIT00000047381	ENSONIP00000063320:E16_E17	E16 → E17	758	IPR001245:431-761	IPR001245	kinase	431	761	end	761	-3	3	near_domain_edge	true
CBG52	msa_aligned_position	supported_comparable	0.333	671	macaca_mulatta	Macaca mulatta	Primates	XP_077803775.1	XM_077947649.1	XP_077803775.1:E8_E9	E8 → E9	447	IPR001245:454-787	IPR001245	kinase	454	787	start	454	-7	7	outside_annotated_domains	true
CBG52	msa_aligned_position	supported_comparable	0.333	671	oryctolagus_cuniculus	Oryctolagus cuniculus	Other mammals	XP_069913096.1	XM_070056995.1	XP_069913096.1:E8_E9	E8 → E9	449	IPR001245:456-789	IPR001245	kinase	456	789	start	456	-7	7	outside_annotated_domains	true
CBG52	msa_aligned_position	supported_comparable	0.333	671	felis_catus	Felis catus	Other mammals	XP_044896695.1	XM_045040760.1	XP_044896695.1:E8_E9	E8 → E9	449	IPR001245:456-789	IPR001245	kinase	456	789	start	456	-7	7	outside_annotated_domains	true
CBG52	msa_aligned_position	supported_comparable	0.333	671	equus_caballus	Equus caballus	Other mammals	XP_014588430.1	XM_014732944.3	XP_014588430.1:E9_E10	E9 → E10	499	IPR001245:506-839	IPR001245	kinase	506	839	start	506	-7	7	outside_annotated_domains	true
CBG52	msa_aligned_position	supported_comparable	0.333	671	monodelphis_domestica	Monodelphis domestica	Other mammals	XP_056659242.1	XM_056803264.1	XP_056659242.1:E8_E9	E8 → E9	448	IPR001245:455-788	IPR001245	kinase	455	788	start	455	-7	7	outside_annotated_domains	true
CBG52	msa_aligned_position	supported_comparable	0.333	671	ornithorhynchus_anatinus	Ornithorhynchus anatinus	Other mammals	XP_028936644.1	XM_029080811.2	XP_028936644.1:E8_E9	E8 → E9	448	IPR001245:455-788	IPR001245	kinase	455	788	start	455	-7	7	outside_annotated_domains	true
CBG52	msa_aligned_position	supported_comparable	0.333	671	gallus_gallus	Gallus gallus	Birds	NP_990650.2	NM_205319.4	NP_990650.2:E8_E9	E8 → E9	451	IPR001245:458-791	IPR001245	kinase	458	791	start	458	-7	7	outside_annotated_domains	true
CBG52	msa_aligned_position	supported_comparable	0.333	671	anolis_carolinensis	Anolis carolinensis	Reptiles	XP_062832081.1	XM_062976011.1	XP_062832081.1:E9_E10	E9 → E10	482	IPR001245:489-822	IPR001245	kinase	489	822	start	489	-7	7	outside_annotated_domains	true
CBG52	msa_aligned_position	supported_comparable	0.333	671	alligator_mississippiensis	Alligator mississippiensis	Reptiles	XP_006266188.1	XM_006266126.4	XP_006266188.1:E8_E9	E8 → E9	451	IPR001245:458-791	IPR001245	kinase	458	791	start	458	-7	7	outside_annotated_domains	true
CBG52	msa_aligned_position	supported_comparable	0.333	671	ambystoma_mexicanum	Ambystoma mexicanum	Amphibians	XP_069468056.1	XM_069611955.1	XP_069468056.1:E8_E9	E8 → E9	447	IPR001245:454-787	IPR001245	kinase	454	787	start	454	-7	7	outside_annotated_domains	true
CBG62	msa_aligned_position	tentative	0.067	894	mus_musculus	Mus musculus	Other mammals	ENSMUSP00000112430	ENSMUST00000122054	ENSMUSP00000112430:E14_E15	E14 → E15	672	IPR001245:456-789	IPR001245	kinase	456	789	end	789	-117	117	inside_domain	true
CBG62	msa_aligned_position	tentative	0.067	895	xenopus_tropicalis	Xenopus tropicalis	Amphibians	ENSXETP00000069725	ENSXETT00000071733	ENSXETP00000069725:E15_E16	E15 → E16	741	IPR001245:524-857	IPR001245	kinase	524	857	end	857	-116	116	inside_domain	true
CBG72	msa_aligned_position	tentative	0.067	21	taeniopygia_guttata	Taeniopygia guttata	Birds	XP_072787409.1	XM_072931308.1	XP_072787409.1:E1_E2	E1 → E2	21	IPR007110:115-179	IPR007110	Ig1	115	179	start	115	-94	94	outside_annotated_domains	true
CBG72	msa_aligned_position	tentative	0.067	22	anolis_carolinensis	Anolis carolinensis	Reptiles	XP_062832081.1	XM_062976011.1	XP_062832081.1:E1_E2	E1 → E2	7	IPR007110:102-166	IPR007110	Ig1	102	166	start	102	-95	95	outside_annotated_domains	true
CBG74	msa_aligned_position	supported_comparable	0.1	598	chrysemys_picta_bellii	Chrysemys picta bellii	Reptiles	XP_065408413.1	XM_065552341.1	XP_065408413.1:E7_E8	E7 → E8	379	IPR007110:284-365	IPR007110	Ig3	284	365	end	365	14	14	outside_annotated_domains	true
CBG74	msa_aligned_position	supported_comparable	0.1	598	danio_rerio	Danio rerio	Teleost fish	XP_068081038.1	XM_068224937.2	XP_068081038.1:E7_E8	E7 → E8	383	IPR013098:286-382	IPR013098	Ig3	286	382	end	382	1	1	near_domain_edge	true
CBG74	msa_aligned_position	supported_comparable	0.1	598	oryzias_latipes	Oryzias latipes	Teleost fish	XP_078787744.1	XM_078931618.1	XP_078787744.1:E7_E8	E7 → E8	376	IPR013098:279-375	IPR013098	Ig3	279	375	end	375	1	1	near_domain_edge	true
CBG75	msa_aligned_position	supported_comparable	0.1	719	chrysemys_picta_bellii	Chrysemys picta bellii	Reptiles	XP_065408413.1	XM_065552341.1	XP_065408413.1:E9_E10	E9 → E10	497	IPR001245:456-789	IPR001245	kinase	456	789	start	456	41	41	inside_domain	true
CBG75	msa_aligned_position	supported_comparable	0.1	719	danio_rerio	Danio rerio	Teleost fish	XP_068081038.1	XM_068224937.2	XP_068081038.1:E9_E10	E9 → E10	497	IPR001245:460-789	IPR001245	kinase	460	789	start	460	37	37	inside_domain	true
CBG75	msa_aligned_position	supported_comparable	0.1	719	oryzias_latipes	Oryzias latipes	Teleost fish	XP_078787744.1	XM_078931618.1	XP_078787744.1:E9_E10	E9 → E10	489	IPR001245:450-781	IPR001245	kinase	450	781	start	450	39	39	inside_domain	true
CBG76	msa_aligned_position	supported_comparable	0.1	760	chrysemys_picta_bellii	Chrysemys picta bellii	Reptiles	XP_065408413.1	XM_065552341.1	XP_065408413.1:E10_E11	E10 → E11	538	IPR001245:456-789	IPR001245	kinase	456	789	start	456	82	82	inside_domain	true
CBG76	msa_aligned_position	supported_comparable	0.1	760	danio_rerio	Danio rerio	Teleost fish	XP_068081038.1	XM_068224937.2	XP_068081038.1:E10_E11	E10 → E11	538	IPR001245:460-789	IPR001245	kinase	460	789	start	460	78	78	inside_domain	true
CBG76	msa_aligned_position	supported_comparable	0.1	760	oryzias_latipes	Oryzias latipes	Teleost fish	XP_078787744.1	XM_078931618.1	XP_078787744.1:E10_E11	E10 → E11	530	IPR001245:450-781	IPR001245	kinase	450	781	start	450	80	80	inside_domain	true
CBG77	msa_aligned_position	supported_comparable	0.1	797	chrysemys_picta_bellii	Chrysemys picta bellii	Reptiles	XP_065408413.1	XM_065552341.1	XP_065408413.1:E11_E12	E11 → E12	575	IPR001245:456-789	IPR001245	kinase	456	789	start	456	119	119	inside_domain	true
CBG77	msa_aligned_position	supported_comparable	0.1	797	danio_rerio	Danio rerio	Teleost fish	XP_068081038.1	XM_068224937.2	XP_068081038.1:E11_E12	E11 → E12	575	IPR001245:460-789	IPR001245	kinase	460	789	start	460	115	115	inside_domain	true
CBG77	msa_aligned_position	supported_comparable	0.1	797	oryzias_latipes	Oryzias latipes	Teleost fish	XP_078787744.1	XM_078931618.1	XP_078787744.1:E11_E12	E11 → E12	567	IPR001245:450-781	IPR001245	kinase	450	781	start	450	117	117	inside_domain	true
CBG78	msa_aligned_position	supported_comparable	0.1	860	chrysemys_picta_bellii	Chrysemys picta bellii	Reptiles	XP_065408413.1	XM_065552341.1	XP_065408413.1:E12_E13	E12 → E13	638	IPR001245:456-789	IPR001245	kinase	456	789	end	789	-151	151	inside_domain	true
CBG78	msa_aligned_position	supported_comparable	0.1	860	danio_rerio	Danio rerio	Teleost fish	XP_068081038.1	XM_068224937.2	XP_068081038.1:E12_E13	E12 → E13	638	IPR001245:460-789	IPR001245	kinase	460	789	end	789	-151	151	inside_domain	true
CBG78	msa_aligned_position	supported_comparable	0.1	860	oryzias_latipes	Oryzias latipes	Teleost fish	XP_078787744.1	XM_078931618.1	XP_078787744.1:E12_E13	E12 → E13	630	IPR001245:450-781	IPR001245	kinase	450	781	end	781	-151	151	inside_domain	true
CBG79	msa_aligned_position	supported_comparable	0.1	901	chrysemys_picta_bellii	Chrysemys picta bellii	Reptiles	XP_065408413.1	XM_065552341.1	XP_065408413.1:E13_E14	E13 → E14	679	IPR001245:456-789	IPR001245	kinase	456	789	end	789	-110	110	inside_domain	true
CBG79	msa_aligned_position	supported_comparable	0.1	901	danio_rerio	Danio rerio	Teleost fish	XP_068081038.1	XM_068224937.2	XP_068081038.1:E13_E14	E13 → E14	679	IPR001245:460-789	IPR001245	kinase	460	789	end	789	-110	110	inside_domain	true
CBG79	msa_aligned_position	supported_comparable	0.1	901	oryzias_latipes	Oryzias latipes	Teleost fish	XP_078787744.1	XM_078931618.1	XP_078787744.1:E13_E14	E13 → E14	671	IPR001245:450-781	IPR001245	kinase	450	781	end	781	-110	110	inside_domain	true
CBG80	msa_aligned_position	supported_comparable	0.1	925	chrysemys_picta_bellii	Chrysemys picta bellii	Reptiles	XP_065408413.1	XM_065552341.1	XP_065408413.1:E14_E15	E14 → E15	703	IPR001245:456-789	IPR001245	kinase	456	789	end	789	-86	86	inside_domain	true
CBG80	msa_aligned_position	supported_comparable	0.1	925	danio_rerio	Danio rerio	Teleost fish	XP_068081038.1	XM_068224937.2	XP_068081038.1:E14_E15	E14 → E15	703	IPR001245:460-789	IPR001245	kinase	460	789	end	789	-86	86	inside_domain	true
CBG80	msa_aligned_position	supported_comparable	0.1	925	oryzias_latipes	Oryzias latipes	Teleost fish	XP_078787744.1	XM_078931618.1	XP_078787744.1:E14_E15	E14 → E15	695	IPR001245:450-781	IPR001245	kinase	450	781	end	781	-86	86	inside_domain	true
CBG81	msa_aligned_position	supported_comparable	0.1	971	chrysemys_picta_bellii	Chrysemys picta bellii	Reptiles	XP_065408413.1	XM_065552341.1	XP_065408413.1:E15_E16	E15 → E16	749	IPR001245:456-789	IPR001245	kinase	456	789	end	789	-40	40	inside_domain	true
CBG81	msa_aligned_position	supported_comparable	0.1	971	danio_rerio	Danio rerio	Teleost fish	XP_068081038.1	XM_068224937.2	XP_068081038.1:E15_E16	E15 → E16	749	IPR001245:460-789	IPR001245	kinase	460	789	end	789	-40	40	inside_domain	true
CBG81	msa_aligned_position	supported_comparable	0.1	971	oryzias_latipes	Oryzias latipes	Teleost fish	XP_078787744.1	XM_078931618.1	XP_078787744.1:E15_E16	E15 → E16	741	IPR001245:450-781	IPR001245	kinase	450	781	end	781	-40	40	inside_domain	true
CBG82	msa_aligned_position	supported_comparable	0.1	1006	chrysemys_picta_bellii	Chrysemys picta bellii	Reptiles	XP_065408413.1	XM_065552341.1	XP_065408413.1:E16_E17	E16 → E17	784	IPR001245:456-789	IPR001245	kinase	456	789	end	789	-5	5	near_domain_edge	true
CBG82	msa_aligned_position	supported_comparable	0.1	1006	danio_rerio	Danio rerio	Teleost fish	XP_068081038.1	XM_068224937.2	XP_068081038.1:E16_E17	E16 → E17	784	IPR001245:460-789	IPR001245	kinase	460	789	end	789	-5	5	near_domain_edge	true
CBG82	msa_aligned_position	supported_comparable	0.1	1006	oryzias_latipes	Oryzias latipes	Teleost fish	XP_078787744.1	XM_078931618.1	XP_078787744.1:E16_E17	E16 → E17	776	IPR001245:450-781	IPR001245	kinase	450	781	end	781	-5	5	near_domain_edge	true
CBG84	msa_aligned_position	tentative	0.067	301	xenopus_tropicalis	Xenopus tropicalis	Amphibians	ENSXETP00000069725	ENSXETT00000071733	ENSXETP00000069725:E3_E4	E3 → E4	163	IPR013151:144-205	IPR013151	Ig1	144	205	start	144	19	19	inside_domain	true
CBG84	msa_aligned_position	tentative	0.067	302	mus_musculus	Mus musculus	Other mammals	ENSMUSP00000112430	ENSMUST00000122054	ENSMUSP00000112430:E2_E3	E2 → E3	91	IPR007110:64-128	IPR007110	Ig1	64	128	start	64	27	27	inside_domain	true
CBG91	msa_aligned_position	tentative	0.1	849	xenopus_tropicalis	Xenopus tropicalis	Amphibians	ENSXETP00000069725	ENSXETT00000071733	ENSXETP00000069725:E14_E15	E14 → E15	695	IPR001245:524-857	IPR001245	kinase	524	857	end	857	-162	162	inside_domain	true
CBG91	msa_aligned_position	tentative	0.1	850	gorilla_gorilla_gorilla	Gorilla gorilla gorilla	Primates	XP_004050253.1	XP_004050253.1	XP_004050253.1:E11_E12	E11 → E12	511	IPR001245:339-672	IPR001245	kinase	339	672	end	672	-161	161	inside_domain	true
CBG91	msa_aligned_position	tentative	0.1	851	meleagris_gallopavo	Meleagris gallopavo	Birds	ENSMGAP00000031571	ENSMGAT00000021846	ENSMGAP00000031571:E9_E10	E9 → E10	514	IPR001245:341-627	IPR001245	kinase	341	627	end	627	-113	113	inside_domain	true
CBG97	msa_aligned_position	tentative	0.067	274	gasterosteus_aculeatus	Gasterosteus aculeatus	Teleost fish	ENSGACP00000061458	ENSGACT00000067656	ENSGACP00000061458:E4_E5	E4 → E5	176	IPR013098:74-168	IPR013098	Ig1	74	168	end	168	8	8	outside_annotated_domains	true
CBG97	msa_aligned_position	tentative	0.067	276	xenopus_tropicalis	Xenopus tropicalis	Amphibians	ENSXETP00000069725	ENSXETT00000071733	ENSXETP00000069725:E2_E3	E2 → E3	138	IPR013151:144-205	IPR013151	Ig1	144	205	start	144	-6	6	outside_annotated_domains	true
CBG101	msa_aligned_position	tentative	0.067	472	gasterosteus_aculeatus	Gasterosteus aculeatus	Teleost fish	ENSGACP00000061458	ENSGACT00000067656	ENSGACP00000061458:E8_E9	E8 → E9	364	IPR013098:299-376	IPR013098	Ig2	299	376	end	376	-12	12	inside_domain	true
CBG101	msa_aligned_position	tentative	0.067	473	xenopus_tropicalis	Xenopus tropicalis	Amphibians	ENSXETP00000069725	ENSXETT00000071733	ENSXETP00000069725:E6_E7	E6 → E7	324	IPR013098:257-335	IPR013098	Ig2	257	335	end	335	-11	11	inside_domain	true
CBG102	msa_aligned_position	tentative	0.067	537	gasterosteus_aculeatus	Gasterosteus aculeatus	Teleost fish	ENSGACP00000061458	ENSGACT00000067656	ENSGACP00000061458:E9_E10	E9 → E10	429	IPR013098:391-487	IPR013098	Ig3	391	487	start	391	38	38	inside_domain	true
CBG102	msa_aligned_position	tentative	0.067	538	homo_sapiens	Homo sapiens	Primates	ENSP00000351276	ENST00000358487	ENSP00000351276:E7_E8	E7 → E8	302	IPR007110:266-346	IPR007110	Ig3	266	346	start	266	36	36	inside_domain	true
CBG105	msa_aligned_position	tentative	0.067	696	gasterosteus_aculeatus	Gasterosteus aculeatus	Teleost fish	ENSGACP00000061458	ENSGACT00000067656	ENSGACP00000061458:E12_E13	E12 → E13	580	IPR001245:561-882	IPR001245	kinase	561	882	start	561	19	19	inside_domain	true
CBG105	msa_aligned_position	tentative	0.067	698	meleagris_gallopavo	Meleagris gallopavo	Birds	ENSMGAP00000031571	ENSMGAT00000021846	ENSMGAP00000031571:E6_E7	E6 → E7	361	IPR001245:341-627	IPR001245	kinase	341	627	start	341	20	20	inside_domain	true
CBG107	msa_aligned_position	tentative	0.067	782	gasterosteus_aculeatus	Gasterosteus aculeatus	Teleost fish	ENSGACP00000061458	ENSGACT00000067656	ENSGACP00000061458:E14_E15	E14 → E15	662	IPR001245:561-882	IPR001245	kinase	561	882	start	561	101	101	inside_domain	true
CBG107	msa_aligned_position	tentative	0.067	784	xenopus_tropicalis	Xenopus tropicalis	Amphibians	ENSXETP00000069725	ENSXETT00000071733	ENSXETP00000069725:E12_E13	E12 → E13	630	IPR001245:524-857	IPR001245	kinase	524	857	start	524	106	106	inside_domain	true
CBG109	msa_aligned_position	tentative	0.067	912	gasterosteus_aculeatus	Gasterosteus aculeatus	Teleost fish	ENSGACP00000061458	ENSGACT00000067656	ENSGACP00000061458:E16_E17	E16 → E17	792	IPR001245:561-882	IPR001245	kinase	561	882	end	882	-90	90	inside_domain	true
CBG109	msa_aligned_position	tentative	0.067	913	homo_sapiens	Homo sapiens	Primates	ENSP00000351276	ENST00000358487	ENSP00000351276:E14_E15	E14 → E15	672	IPR001245:437-770	IPR001245	kinase	437	770	end	770	-98	98	inside_domain	true
CBG113	msa_aligned_position	tentative	0.067	346	takifugu_rubripes	Takifugu rubripes	Teleost fish	ENSTRUP00000045145	ENSTRUT00000045297	ENSTRUP00000045145:E3_E4	E3 → E4	137	IPR007110:71-132	IPR007110	Ig1	71	132	end	132	5	5	near_domain_edge	true
CBG113	msa_aligned_position	tentative	0.067	348	mus_musculus	Mus musculus	Other mammals	ENSMUSP00000112430	ENSMUST00000122054	ENSMUSP00000112430:E3_E4	E3 → E4	137	IPR007110:64-128	IPR007110	Ig1	64	128	end	128	9	9	outside_annotated_domains	true
CBG123	msa_aligned_position	tentative	0.067	890	takifugu_rubripes	Takifugu rubripes	Teleost fish	ENSTRUP00000045145	ENSTRUT00000045297	ENSTRUP00000045145:E14_E15	E14 → E15	666	IPR001245:456-787	IPR001245	kinase	456	787	end	787	-121	121	inside_domain	true
CBG123	msa_aligned_position	tentative	0.067	891	gorilla_gorilla_gorilla	Gorilla gorilla gorilla	Primates	XP_004050253.1	XP_004050253.1	XP_004050253.1:E12_E13	E12 → E13	552	IPR001245:339-672	IPR001245	kinase	339	672	end	672	-120	120	inside_domain	true
