species	isoform	final_isoform_label	transcript_id	protein_id	protein_length	tm_start_aa	tm_end_aa	prediction_source	source_file	status
alligator_mississippiensis	IIIb	IIIb	XM_059730070.1	XP_059586053.1	869	19	41	pyTMHMM	results/final_30_until_interpro_prepare/15_pytmhmm_primary/pytmhmm_transmembrane_hits.tsv	n_terminal_signal_anchor
alligator_mississippiensis	IIIb	IIIb	XM_059730070.1	XP_059586053.1	869	396	418	pyTMHMM	results/final_30_until_interpro_prepare/15_pytmhmm_primary/pytmhmm_transmembrane_hits.tsv	receptor_tm
alligator_mississippiensis	IIIc	IIIc	XM_006266126.4	XP_006266188.1	868	19	41	pyTMHMM	results/final_30_until_interpro_prepare/15_pytmhmm_primary/pytmhmm_transmembrane_hits.tsv	n_terminal_signal_anchor
alligator_mississippiensis	IIIc	IIIc	XM_006266126.4	XP_006266188.1	868	395	417	pyTMHMM	results/final_30_until_interpro_prepare/15_pytmhmm_primary/pytmhmm_transmembrane_hits.tsv	receptor_tm
ambystoma_mexicanum	IIIb	IIIb	XM_069611953.1	XP_069468054.1	840	20	39	pyTMHMM	results/final_30_until_interpro_prepare/15_pytmhmm_primary/pytmhmm_transmembrane_hits.tsv	n_terminal_signal_anchor
ambystoma_mexicanum	IIIb	IIIb	XM_069611953.1	XP_069468054.1	840	393	415	pyTMHMM	results/final_30_until_interpro_prepare/15_pytmhmm_primary/pytmhmm_transmembrane_hits.tsv	receptor_tm
ambystoma_mexicanum	IIIc	IIIc	XM_069611955.1	XP_069468056.1	838	20	39	pyTMHMM	results/final_30_until_interpro_prepare/15_pytmhmm_primary/pytmhmm_transmembrane_hits.tsv	n_terminal_signal_anchor
ambystoma_mexicanum	IIIc	IIIc	XM_069611955.1	XP_069468056.1	838	391	413	pyTMHMM	results/final_30_until_interpro_prepare/15_pytmhmm_primary/pytmhmm_transmembrane_hits.tsv	receptor_tm
anolis_carolinensis	IIIb	IIIb	XM_062976012.1	XP_062832082.1	873	426	448	pyTMHMM	results/final_30_until_interpro_prepare/15_pytmhmm_primary/pytmhmm_transmembrane_hits.tsv	receptor_tm
anolis_carolinensis	IIIc	IIIc	XM_062976011.1	XP_062832081.1	873	426	448	pyTMHMM	results/final_30_until_interpro_prepare/15_pytmhmm_primary/pytmhmm_transmembrane_hits.tsv	receptor_tm
bos_taurus	IIIb	IIIb	XM_059881740.1	XP_059737723.1	841	20	39	pyTMHMM	results/final_30_until_interpro_prepare/15_pytmhmm_primary/pytmhmm_transmembrane_hits.tsv	n_terminal_signal_anchor
bos_taurus	IIIb	IIIb	XM_059881740.1	XP_059737723.1	841	394	416	pyTMHMM	results/final_30_until_interpro_prepare/15_pytmhmm_primary/pytmhmm_transmembrane_hits.tsv	receptor_tm
bos_taurus	IIIc	IIIc	XM_059881741.1	XP_059737724.1	840	20	39	pyTMHMM	results/final_30_until_interpro_prepare/15_pytmhmm_primary/pytmhmm_transmembrane_hits.tsv	n_terminal_signal_anchor
bos_taurus	IIIc	IIIc	XM_059881741.1	XP_059737724.1	840	393	415	pyTMHMM	results/final_30_until_interpro_prepare/15_pytmhmm_primary/pytmhmm_transmembrane_hits.tsv	receptor_tm
callithrix_jacchus	IIIb	IIIb	XM_078346634.1	XP_078202760.1	841	20	39	pyTMHMM	results/final_30_until_interpro_prepare/15_pytmhmm_primary/pytmhmm_transmembrane_hits.tsv	n_terminal_signal_anchor
callithrix_jacchus	IIIb	IIIb	XM_078346634.1	XP_078202760.1	841	394	416	pyTMHMM	results/final_30_until_interpro_prepare/15_pytmhmm_primary/pytmhmm_transmembrane_hits.tsv	receptor_tm
callithrix_jacchus	IIIc	IIIc	XM_078346639.1	XP_078202765.1	840	20	39	pyTMHMM	results/final_30_until_interpro_prepare/15_pytmhmm_primary/pytmhmm_transmembrane_hits.tsv	n_terminal_signal_anchor
callithrix_jacchus	IIIc	IIIc	XM_078346639.1	XP_078202765.1	840	393	415	pyTMHMM	results/final_30_until_interpro_prepare/15_pytmhmm_primary/pytmhmm_transmembrane_hits.tsv	receptor_tm
canis_lupus_familiaris	IIIb	IIIb	NP_001003336.1	NP_001003336.1	707	260	282	pyTMHMM	results/final_30_until_interpro_prepare/15_pytmhmm_primary/pytmhmm_transmembrane_hits.tsv	receptor_tm
chrysemys_picta_bellii	IIIb	IIIb	XM_024109913.3	XP_023965681.1	838	19	41	pyTMHMM	results/final_30_until_interpro_prepare/15_pytmhmm_primary/pytmhmm_transmembrane_hits.tsv	n_terminal_signal_anchor
chrysemys_picta_bellii	IIIb	IIIb	XM_024109913.3	XP_023965681.1	838	391	413	pyTMHMM	results/final_30_until_interpro_prepare/15_pytmhmm_primary/pytmhmm_transmembrane_hits.tsv	receptor_tm
chrysemys_picta_bellii	IIIc	IIIc	XM_065552341.1	XP_065408413.1	840	19	41	pyTMHMM	results/final_30_until_interpro_prepare/15_pytmhmm_primary/pytmhmm_transmembrane_hits.tsv	n_terminal_signal_anchor
chrysemys_picta_bellii	IIIc	IIIc	XM_065552341.1	XP_065408413.1	840	356	378	pyTMHMM	results/final_30_until_interpro_prepare/15_pytmhmm_primary/pytmhmm_transmembrane_hits.tsv	additional_tm
chrysemys_picta_bellii	IIIc	IIIc	XM_065552341.1	XP_065408413.1	840	393	415	pyTMHMM	results/final_30_until_interpro_prepare/15_pytmhmm_primary/pytmhmm_transmembrane_hits.tsv	receptor_tm
danio_rerio	IIIb	IIIb	XM_068224938.2	XP_068081039.1	838	395	417	pyTMHMM	results/final_30_until_interpro_prepare/15_pytmhmm_primary/pytmhmm_transmembrane_hits.tsv	receptor_tm
danio_rerio	IIIc	IIIc	XM_068224937.2	XP_068081038.1	840	397	419	pyTMHMM	results/final_30_until_interpro_prepare/15_pytmhmm_primary/pytmhmm_transmembrane_hits.tsv	receptor_tm
equus_caballus	IIIb	IIIb	XM_014732943.3	XP_014588429.1	887	63	85	pyTMHMM	results/final_30_until_interpro_prepare/15_pytmhmm_primary/pytmhmm_transmembrane_hits.tsv	additional_tm
equus_caballus	IIIb	IIIb	XM_014732943.3	XP_014588429.1	887	444	466	pyTMHMM	results/final_30_until_interpro_prepare/15_pytmhmm_primary/pytmhmm_transmembrane_hits.tsv	receptor_tm
equus_caballus	IIIc	IIIc	XM_014732944.3	XP_014588430.1	886	63	85	pyTMHMM	results/final_30_until_interpro_prepare/15_pytmhmm_primary/pytmhmm_transmembrane_hits.tsv	additional_tm
equus_caballus	IIIc	IIIc	XM_014732944.3	XP_014588430.1	886	443	465	pyTMHMM	results/final_30_until_interpro_prepare/15_pytmhmm_primary/pytmhmm_transmembrane_hits.tsv	receptor_tm
felis_catus	IIIb	IIIb	XM_045040759.1	XP_044896694.1	841	20	39	pyTMHMM	results/final_30_until_interpro_prepare/15_pytmhmm_primary/pytmhmm_transmembrane_hits.tsv	n_terminal_signal_anchor
felis_catus	IIIb	IIIb	XM_045040759.1	XP_044896694.1	841	394	416	pyTMHMM	results/final_30_until_interpro_prepare/15_pytmhmm_primary/pytmhmm_transmembrane_hits.tsv	receptor_tm
felis_catus	IIIc	IIIc	XM_045040760.1	XP_044896695.1	840	20	39	pyTMHMM	results/final_30_until_interpro_prepare/15_pytmhmm_primary/pytmhmm_transmembrane_hits.tsv	n_terminal_signal_anchor
felis_catus	IIIc	IIIc	XM_045040760.1	XP_044896695.1	840	393	415	pyTMHMM	results/final_30_until_interpro_prepare/15_pytmhmm_primary/pytmhmm_transmembrane_hits.tsv	receptor_tm
gallus_gallus	IIIb	IIIb	XM_046942740.1	XP_046798696.1	843	19	41	pyTMHMM	results/final_30_until_interpro_prepare/15_pytmhmm_primary/pytmhmm_transmembrane_hits.tsv	n_terminal_signal_anchor
gallus_gallus	IIIb	IIIb	XM_046942740.1	XP_046798696.1	843	396	418	pyTMHMM	results/final_30_until_interpro_prepare/15_pytmhmm_primary/pytmhmm_transmembrane_hits.tsv	receptor_tm
gallus_gallus	IIIc	IIIc	NM_205319.4	NP_990650.2	842	19	41	pyTMHMM	results/final_30_until_interpro_prepare/15_pytmhmm_primary/pytmhmm_transmembrane_hits.tsv	n_terminal_signal_anchor
gallus_gallus	IIIc	IIIc	NM_205319.4	NP_990650.2	842	395	417	pyTMHMM	results/final_30_until_interpro_prepare/15_pytmhmm_primary/pytmhmm_transmembrane_hits.tsv	receptor_tm
gasterosteus_aculeatus	IIIb	IIIb	ENSGACT00000078064	ENSGACP00000047216	915	12	34	pyTMHMM	results/final_30_until_interpro_prepare/15_pytmhmm_primary/pytmhmm_transmembrane_hits.tsv	n_terminal_signal_anchor
gasterosteus_aculeatus	IIIb	IIIb	ENSGACT00000078064	ENSGACP00000047216	915	499	521	pyTMHMM	results/final_30_until_interpro_prepare/15_pytmhmm_primary/pytmhmm_transmembrane_hits.tsv	receptor_tm
gasterosteus_aculeatus	IIIc	IIIc	ENSGACT00000067656	ENSGACP00000061458	917	12	34	pyTMHMM	results/final_30_until_interpro_prepare/15_pytmhmm_primary/pytmhmm_transmembrane_hits.tsv	n_terminal_signal_anchor
gasterosteus_aculeatus	IIIc	IIIc	ENSGACT00000067656	ENSGACP00000061458	917	501	523	pyTMHMM	results/final_30_until_interpro_prepare/15_pytmhmm_primary/pytmhmm_transmembrane_hits.tsv	receptor_tm
gorilla_gorilla_gorilla	IIIb	IIIb	ENSGGOT00000059958	ENSGGOP00000051435	670	286	308	pyTMHMM	results/final_30_until_interpro_prepare/15_pytmhmm_primary/pytmhmm_transmembrane_hits.tsv	receptor_tm
gorilla_gorilla_gorilla	IIIc	IIIc	XP_004050253.1	XP_004050253.1	723	14	36	pyTMHMM	results/final_30_until_interpro_prepare/15_pytmhmm_primary/pytmhmm_transmembrane_hits.tsv	n_terminal_signal_anchor
gorilla_gorilla_gorilla	IIIc	IIIc	XP_004050253.1	XP_004050253.1	723	278	300	pyTMHMM	results/final_30_until_interpro_prepare/15_pytmhmm_primary/pytmhmm_transmembrane_hits.tsv	receptor_tm
homo_sapiens	IIIb	IIIb	ENST00001142305	ENSP00000813085	822	375	397	pyTMHMM	results/final_30_until_interpro_prepare/15_pytmhmm_primary/pytmhmm_transmembrane_hits.tsv	receptor_tm
homo_sapiens	IIIc	IIIc	ENST00000358487	ENSP00000351276	821	374	396	pyTMHMM	results/final_30_until_interpro_prepare/15_pytmhmm_primary/pytmhmm_transmembrane_hits.tsv	receptor_tm
macaca_mulatta	IIIb	IIIb	XM_015148329.3	XP_015003815.1	839	20	39	pyTMHMM	results/final_30_until_interpro_prepare/15_pytmhmm_primary/pytmhmm_transmembrane_hits.tsv	n_terminal_signal_anchor
macaca_mulatta	IIIb	IIIb	XM_015148329.3	XP_015003815.1	839	394	416	pyTMHMM	results/final_30_until_interpro_prepare/15_pytmhmm_primary/pytmhmm_transmembrane_hits.tsv	receptor_tm
macaca_mulatta	IIIc	IIIc	XM_077947649.1	XP_077803775.1	838	20	39	pyTMHMM	results/final_30_until_interpro_prepare/15_pytmhmm_primary/pytmhmm_transmembrane_hits.tsv	n_terminal_signal_anchor
macaca_mulatta	IIIc	IIIc	XM_077947649.1	XP_077803775.1	838	393	415	pyTMHMM	results/final_30_until_interpro_prepare/15_pytmhmm_primary/pytmhmm_transmembrane_hits.tsv	receptor_tm
meleagris_gallopavo	IIIb	IIIb	ENSMGAT00000037037	ENSMGAP00000031353	631	269	291	pyTMHMM	results/final_30_until_interpro_prepare/15_pytmhmm_primary/pytmhmm_transmembrane_hits.tsv	receptor_tm
meleagris_gallopavo	IIIb	IIIb	ENSMGAT00000037037	ENSMGAP00000031353	631	582	604	pyTMHMM	results/final_30_until_interpro_prepare/15_pytmhmm_primary/pytmhmm_transmembrane_hits.tsv	additional_tm
meleagris_gallopavo	IIIc	IIIc	ENSMGAT00000021846	ENSMGAP00000031571	627	243	265	pyTMHMM	results/final_30_until_interpro_prepare/15_pytmhmm_primary/pytmhmm_transmembrane_hits.tsv	additional_tm
meleagris_gallopavo	IIIc	IIIc	ENSMGAT00000021846	ENSMGAP00000031571	627	280	302	pyTMHMM	results/final_30_until_interpro_prepare/15_pytmhmm_primary/pytmhmm_transmembrane_hits.tsv	receptor_tm
meleagris_gallopavo	IIIc	IIIc	ENSMGAT00000021846	ENSMGAP00000031571	627	569	591	pyTMHMM	results/final_30_until_interpro_prepare/15_pytmhmm_primary/pytmhmm_transmembrane_hits.tsv	additional_tm
monodelphis_domestica	IIIb	IIIb	XM_056803261.1	XP_056659239.1	840	20	39	pyTMHMM	results/final_30_until_interpro_prepare/15_pytmhmm_primary/pytmhmm_transmembrane_hits.tsv	n_terminal_signal_anchor
monodelphis_domestica	IIIb	IIIb	XM_056803261.1	XP_056659239.1	840	393	415	pyTMHMM	results/final_30_until_interpro_prepare/15_pytmhmm_primary/pytmhmm_transmembrane_hits.tsv	receptor_tm
monodelphis_domestica	IIIc	IIIc	XM_056803264.1	XP_056659242.1	839	20	39	pyTMHMM	results/final_30_until_interpro_prepare/15_pytmhmm_primary/pytmhmm_transmembrane_hits.tsv	n_terminal_signal_anchor
monodelphis_domestica	IIIc	IIIc	XM_056803264.1	XP_056659242.1	839	392	414	pyTMHMM	results/final_30_until_interpro_prepare/15_pytmhmm_primary/pytmhmm_transmembrane_hits.tsv	receptor_tm
mus_musculus	IIIb	IIIb	ENSMUST00000117691	ENSMUSP00000113180	822	375	397	pyTMHMM	results/final_30_until_interpro_prepare/15_pytmhmm_primary/pytmhmm_transmembrane_hits.tsv	receptor_tm
mus_musculus	IIIc	IIIc	ENSMUST00000122054	ENSMUSP00000112430	840	14	36	pyTMHMM	results/final_30_until_interpro_prepare/15_pytmhmm_primary/pytmhmm_transmembrane_hits.tsv	n_terminal_signal_anchor
mus_musculus	IIIc	IIIc	ENSMUST00000122054	ENSMUSP00000112430	840	393	415	pyTMHMM	results/final_30_until_interpro_prepare/15_pytmhmm_primary/pytmhmm_transmembrane_hits.tsv	receptor_tm
oreochromis_niloticus	IIIb	IIIb	ENSONIT00000055812	ENSONIP00000060910	865	424	446	pyTMHMM	results/final_30_until_interpro_prepare/15_pytmhmm_primary/pytmhmm_transmembrane_hits.tsv	receptor_tm
oreochromis_niloticus	IIIc	IIIc	ENSONIT00000047381	ENSONIP00000063320	812	371	393	pyTMHMM	results/final_30_until_interpro_prepare/15_pytmhmm_primary/pytmhmm_transmembrane_hits.tsv	receptor_tm
ornithorhynchus_anatinus	IIIb	IIIb	XM_029080810.2	XP_028936643.1	840	393	415	pyTMHMM	results/final_30_until_interpro_prepare/15_pytmhmm_primary/pytmhmm_transmembrane_hits.tsv	receptor_tm
ornithorhynchus_anatinus	IIIc	IIIc	XM_029080811.2	XP_028936644.1	839	392	414	pyTMHMM	results/final_30_until_interpro_prepare/15_pytmhmm_primary/pytmhmm_transmembrane_hits.tsv	receptor_tm
oryctolagus_cuniculus	IIIb	IIIb	XM_070056999.1	XP_069913100.1	841	14	36	pyTMHMM	results/final_30_until_interpro_prepare/15_pytmhmm_primary/pytmhmm_transmembrane_hits.tsv	n_terminal_signal_anchor
oryctolagus_cuniculus	IIIb	IIIb	XM_070056999.1	XP_069913100.1	841	394	416	pyTMHMM	results/final_30_until_interpro_prepare/15_pytmhmm_primary/pytmhmm_transmembrane_hits.tsv	receptor_tm
oryctolagus_cuniculus	IIIc	IIIc	XM_070056995.1	XP_069913096.1	840	14	36	pyTMHMM	results/final_30_until_interpro_prepare/15_pytmhmm_primary/pytmhmm_transmembrane_hits.tsv	n_terminal_signal_anchor
oryctolagus_cuniculus	IIIc	IIIc	XM_070056995.1	XP_069913096.1	840	393	415	pyTMHMM	results/final_30_until_interpro_prepare/15_pytmhmm_primary/pytmhmm_transmembrane_hits.tsv	receptor_tm
oryzias_latipes	IIIb	IIIb	XM_011484753.4	XP_011483055.1	830	20	39	pyTMHMM	results/final_30_until_interpro_prepare/15_pytmhmm_primary/pytmhmm_transmembrane_hits.tsv	n_terminal_signal_anchor
oryzias_latipes	IIIb	IIIb	XM_011484753.4	XP_011483055.1	830	387	409	pyTMHMM	results/final_30_until_interpro_prepare/15_pytmhmm_primary/pytmhmm_transmembrane_hits.tsv	receptor_tm
oryzias_latipes	IIIc	IIIc	XM_078931618.1	XP_078787744.1	832	20	39	pyTMHMM	results/final_30_until_interpro_prepare/15_pytmhmm_primary/pytmhmm_transmembrane_hits.tsv	n_terminal_signal_anchor
oryzias_latipes	IIIc	IIIc	XM_078931618.1	XP_078787744.1	832	389	411	pyTMHMM	results/final_30_until_interpro_prepare/15_pytmhmm_primary/pytmhmm_transmembrane_hits.tsv	receptor_tm
ovis_aries	IIIb	IIIb	XM_060404505.1	XP_060260488.1	841	20	39	pyTMHMM	results/final_30_until_interpro_prepare/15_pytmhmm_primary/pytmhmm_transmembrane_hits.tsv	n_terminal_signal_anchor
ovis_aries	IIIb	IIIb	XM_060404505.1	XP_060260488.1	841	394	416	pyTMHMM	results/final_30_until_interpro_prepare/15_pytmhmm_primary/pytmhmm_transmembrane_hits.tsv	receptor_tm
ovis_aries	IIIc	IIIc	XM_060404507.1	XP_060260490.1	840	20	39	pyTMHMM	results/final_30_until_interpro_prepare/15_pytmhmm_primary/pytmhmm_transmembrane_hits.tsv	n_terminal_signal_anchor
ovis_aries	IIIc	IIIc	XM_060404507.1	XP_060260490.1	840	393	415	pyTMHMM	results/final_30_until_interpro_prepare/15_pytmhmm_primary/pytmhmm_transmembrane_hits.tsv	receptor_tm
pan_troglodytes	IIIb	IIIb	XM_054660538.2	XP_054516513.1	841	20	39	pyTMHMM	results/final_30_until_interpro_prepare/15_pytmhmm_primary/pytmhmm_transmembrane_hits.tsv	n_terminal_signal_anchor
pan_troglodytes	IIIb	IIIb	XM_054660538.2	XP_054516513.1	841	394	416	pyTMHMM	results/final_30_until_interpro_prepare/15_pytmhmm_primary/pytmhmm_transmembrane_hits.tsv	receptor_tm
pan_troglodytes	IIIc	IIIc	XM_054660539.2	XP_054516514.1	840	20	39	pyTMHMM	results/final_30_until_interpro_prepare/15_pytmhmm_primary/pytmhmm_transmembrane_hits.tsv	n_terminal_signal_anchor
pan_troglodytes	IIIc	IIIc	XM_054660539.2	XP_054516514.1	840	393	415	pyTMHMM	results/final_30_until_interpro_prepare/15_pytmhmm_primary/pytmhmm_transmembrane_hits.tsv	receptor_tm
pongo_abelii	IIIc	IIIc	XM_024252936	XP_024108704.1	838	20	39	pyTMHMM	results/final_30_until_interpro_prepare/15_pytmhmm_primary/pytmhmm_transmembrane_hits.tsv	n_terminal_signal_anchor
pongo_abelii	IIIc	IIIc	XM_024252936	XP_024108704.1	838	393	415	pyTMHMM	results/final_30_until_interpro_prepare/15_pytmhmm_primary/pytmhmm_transmembrane_hits.tsv	receptor_tm
rattus_norvegicus	IIIb	IIIb	XM_063281078.1	XP_063137148.1	841	9	31	pyTMHMM	results/final_30_until_interpro_prepare/15_pytmhmm_primary/pytmhmm_transmembrane_hits.tsv	n_terminal_signal_anchor
rattus_norvegicus	IIIb	IIIb	XM_063281078.1	XP_063137148.1	841	394	416	pyTMHMM	results/final_30_until_interpro_prepare/15_pytmhmm_primary/pytmhmm_transmembrane_hits.tsv	receptor_tm
rattus_norvegicus	IIIc	IIIc	XM_063281079.1	XP_063137149.1	840	9	31	pyTMHMM	results/final_30_until_interpro_prepare/15_pytmhmm_primary/pytmhmm_transmembrane_hits.tsv	n_terminal_signal_anchor
rattus_norvegicus	IIIc	IIIc	XM_063281079.1	XP_063137149.1	840	393	415	pyTMHMM	results/final_30_until_interpro_prepare/15_pytmhmm_primary/pytmhmm_transmembrane_hits.tsv	receptor_tm
sus_scrofa	IIIb	IIIb	XM_084993068.1	XP_084849194.1	841	20	39	pyTMHMM	results/final_30_until_interpro_prepare/15_pytmhmm_primary/pytmhmm_transmembrane_hits.tsv	n_terminal_signal_anchor
sus_scrofa	IIIb	IIIb	XM_084993068.1	XP_084849194.1	841	394	416	pyTMHMM	results/final_30_until_interpro_prepare/15_pytmhmm_primary/pytmhmm_transmembrane_hits.tsv	receptor_tm
sus_scrofa	IIIc	IIIc	XM_084993071.1	XP_084849197.1	840	20	39	pyTMHMM	results/final_30_until_interpro_prepare/15_pytmhmm_primary/pytmhmm_transmembrane_hits.tsv	n_terminal_signal_anchor
sus_scrofa	IIIc	IIIc	XM_084993071.1	XP_084849197.1	840	393	415	pyTMHMM	results/final_30_until_interpro_prepare/15_pytmhmm_primary/pytmhmm_transmembrane_hits.tsv	receptor_tm
taeniopygia_guttata	IIIb	IIIb	XM_072931307.1	XP_072787408.1	891	444	466	pyTMHMM	results/final_30_until_interpro_prepare/15_pytmhmm_primary/pytmhmm_transmembrane_hits.tsv	receptor_tm
taeniopygia_guttata	IIIc	IIIc	XM_072931308.1	XP_072787409.1	890	443	465	pyTMHMM	results/final_30_until_interpro_prepare/15_pytmhmm_primary/pytmhmm_transmembrane_hits.tsv	receptor_tm
takifugu_rubripes	IIIb	IIIb	ENSTRUT00000045298	ENSTRUP00000045146	836	393	415	pyTMHMM	results/final_30_until_interpro_prepare/15_pytmhmm_primary/pytmhmm_transmembrane_hits.tsv	receptor_tm
takifugu_rubripes	IIIc	IIIc	ENSTRUT00000045297	ENSTRUP00000045145	838	395	417	pyTMHMM	results/final_30_until_interpro_prepare/15_pytmhmm_primary/pytmhmm_transmembrane_hits.tsv	receptor_tm
xenopus_tropicalis	IIIb	IIIb	ENSXETT00000078335	ENSXETP00000087394	832	388	410	pyTMHMM	results/final_30_until_interpro_prepare/15_pytmhmm_primary/pytmhmm_transmembrane_hits.tsv	receptor_tm
xenopus_tropicalis	IIIb	IIIb	ENSXETT00000078335	ENSXETP00000087394	832	554	576	pyTMHMM	results/final_30_until_interpro_prepare/15_pytmhmm_primary/pytmhmm_transmembrane_hits.tsv	additional_tm
xenopus_tropicalis	IIIc	IIIc	ENSXETT00000071733	ENSXETP00000069725	910	464	486	pyTMHMM	results/final_30_until_interpro_prepare/15_pytmhmm_primary/pytmhmm_transmembrane_hits.tsv	receptor_tm
xenopus_tropicalis	IIIc	IIIc	ENSXETT00000071733	ENSXETP00000069725	910	632	654	pyTMHMM	results/final_30_until_interpro_prepare/15_pytmhmm_primary/pytmhmm_transmembrane_hits.tsv	additional_tm
